Year,Utility ID,Utility Name,Service Type,State,Rev_com,Sales_com,Cust_com,Rev_ind,Sales_ind,Cust_ind,Rev_res,Sales_res,Cust_res
2005,733.0,Appalachian Power Co,Bundled,WV,187320.0,3656339.0,63253.0,166355.0,4504844.0,2406.0,309082.0,5764671.0,368845.0
2005,1167.0,Baltimore Gas & Electric Co,Bundled,MD,336474.0,3450906.0,108056.0,438428.0,5010105.0,7139.0,1066503.0,13759809.0,1079043.0
2005,1167.0,Baltimore Gas & Electric Co,Delivery,MD,2189.0,66412.0,1011.0,131280.0,10765573.0,2964.0,23.0,721.0,45.0
2005,1179.0,Bangor Hydro-Electric Co,Delivery,ME,38188.0,600819.0,16560.0,13011.0,421556.0,49.0,51082.0,603210.0,97858.0
2005,1764.0,Black Diamond Power Company,Bundled,WV,482.0,5995.0,411.0,0.0,0.0,0.0,1240.0,17020.0,1499.0
2005,1998.0,Boston Edison Co,Bundled,MA,810955.0,5955110.0,96469.0,69780.0,533447.0,1157.0,659242.0,4400138.0,595104.0
2005,1998.0,Boston Edison Co,Delivery,MA,226207.0,3980321.0,6926.0,34634.0,700903.0,148.0,2184.0,28614.0,2747.0
2005,2886.0,Cambridge Electric Light Co,Bundled,MA,98391.0,909587.0,7166.0,1433.0,14306.0,18.0,27925.0,193918.0,39672.0
2005,2886.0,Cambridge Electric Light Co,Delivery,MA,19504.0,580162.0,397.0,429.0,16856.0,5.0,40.0,559.0,69.0
2005,3249.0,Central Hudson Gas & Elec Corp,Bundled,NY,182043.0,1800725.0,44673.0,32968.0,328119.0,988.0,270647.0,2146753.0,248409.0
2005,3249.0,Central Hudson Gas & Elec Corp,Delivery,NY,2622.0,291676.0,1346.0,707.0,1153696.0,82.0,689.0,17924.0,2089.0
2005,3266.0,Central Maine Power Co,Bundled,ME,22.0,196.0,6.0,0.0,0.0,0.0,12.0,91.0,27.0
2005,3266.0,Central Maine Power Co,Delivery,ME,135063.0,3272302.0,58181.0,45243.0,2576827.0,2620.0,232032.0,3554337.0,523609.0
2005,4089.0,Commonwealth Electric Co,Bundled,MA,114985.0,852802.0,25583.0,16782.0,128462.0,191.0,189318.0,1229306.0,178714.0
2005,4089.0,Commonwealth Electric Co,Delivery,MA,60252.0,1005020.0,21343.0,10773.0,230542.0,71.0,77466.0,921293.0,138179.0
2005,4226.0,Consolidated Edison Co-NY Inc,Bundled,NY,2842229.0,15271507.0,410162.0,63669.0,365733.0,324.0,2884096.0,13689872.0,2625628.0
2005,4226.0,Consolidated Edison Co-NY Inc,Delivery,NY,831329.0,23563370.0,55680.0,24974.0,586335.0,552.0,39583.0,579286.0,84216.0
2005,5027.0,Delmarva Power & Light Company,Bundled,MD,96824.0,1111736.0,23424.0,4636.0,54353.0,213.0,218025.0,2245139.0,168846.0
2005,5027.0,Delmarva Power & Light Company,Delivery,MD,5867.0,610484.0,1808.0,3122.0,450430.0,63.0,70.0,2366.0,179.0
2005,5731.0,Elk Power Co,Bundled,WV,811.0,10023.0,755.0,0.0,0.0,0.0,844.0,11487.0,1129.0
2005,5779.0,Elkhorn Public Service Co,Bundled,WV,28.0,392.0,62.0,0.0,0.0,0.0,152.0,1940.0,127.0
2005,6369.0,Fishers Island Utility Co Inc,Bundled,NY,447.0,1743.0,107.0,0.0,0.0,0.0,1097.0,4094.0,643.0
2005,6374.0,Fitchburg Gas & Elec Light Co,Bundled,MA,16352.0,107172.0,3829.0,6126.0,46698.0,14.0,27907.0,178742.0,24118.0
2005,6374.0,Fitchburg Gas & Elec Light Co,Delivery,MA,1132.0,14664.0,172.0,7718.0,188253.0,20.0,3.0,43.0,4.0
2005,10262.0,Kimball Light & Water Co,Bundled,WV,61.0,894.0,89.0,0.0,0.0,0.0,255.0,3358.0,222.0
2005,11522.0,Maine Public Service Co,Delivery,ME,13241.0,202879.0,6021.0,5227.0,170906.0,16.0,14220.0,180108.0,30032.0
2005,11804.0,Massachusetts Electric Co,Bundled,MA,686827.0,5552945.0,131665.0,146753.0,1236857.0,3974.0,1098720.0,8701659.0,1067996.0
2005,11804.0,Massachusetts Electric Co,Delivery,MA,129443.0,3856716.0,12916.0,84123.0,2805057.0,921.0,5504.0,112747.0,13225.0
2005,12796.0,Monongahela Power Co,Bundled,WV,152858.0,2564959.0,43554.0,190235.0,4667768.0,7161.0,245413.0,3396672.0,320703.0
2005,13206.0,Nantucket Electric Co,Bundled,MA,5835.0,41558.0,1272.0,0.0,0.0,0.0,12615.0,94080.0,10512.0
2005,13206.0,Nantucket Electric Co,Delivery,MA,382.0,7927.0,32.0,13.0,130.0,1.0,4.0,40.0,7.0
2005,13433.0,New England Power Company,Bundled,MA,4691.0,77898.0,1.0,0.0,0.0,0.0,0.0,0.0,0.0
2005,13511.0,New York State Elec & Gas Corp,Bundled,NY,331545.0,2714119.0,89068.0,133170.0,1814690.0,1858.0,779113.0,5732108.0,696362.0
2005,13511.0,New York State Elec & Gas Corp,Delivery,NY,91326.0,2817040.0,23510.0,21258.0,1453317.0,800.0,25376.0,540071.0,48266.0
2005,13573.0,Niagara Mohawk Power Corp,Bundled,NY,772232.0,5887419.0,124672.0,328113.0,1881205.0,890.0,1369054.0,10749792.0,1349917.0
2005,13573.0,Niagara Mohawk Power Corp,Delivery,NY,330434.0,7535015.0,35777.0,129262.0,8442146.0,859.0,28519.0,866478.0,84004.0
2005,14154.0,Orange & Rockland Utils Inc,Bundled,NY,139662.0,1137834.0,20037.0,38368.0,432001.0,78.0,162721.0,1070489.0,131200.0
2005,14154.0,Orange & Rockland Utils Inc,Delivery,NY,32826.0,832622.0,9748.0,4453.0,241848.0,40.0,39022.0,601675.0,56991.0
2005,14711.0,Pennsylvania Electric Co,Bundled,NY,1427.0,17067.0,460.0,1020.0,14922.0,11.0,2784.0,30764.0,3316.0
2005,15263.0,Potomac Edison Co,Bundled,MD,142246.0,1711791.0,25966.0,150084.0,3737889.0,2717.0,222576.0,3281728.0,208861.0
2005,15263.0,Potomac Edison Co,Bundled,WV,43290.0,734363.0,14501.0,35467.0,806056.0,1759.0,112440.0,1614150.0,104675.0
2005,15263.0,Potomac Edison Co,Delivery,MD,3191.0,288738.0,173.0,4984.0,738931.0,64.0,0.0,0.0,0.0
2005,15270.0,Potomac Electric Power Co,Bundled,MD,381761.0,4159863.0,38266.0,0.0,0.0,0.0,536445.0,5590389.0,430083.0
2005,15270.0,Potomac Electric Power Co,Delivery,MD,111401.0,4827068.0,7678.0,4552.0,479094.0,11.0,15690.0,494962.0,33445.0
2005,16183.0,Rochester Gas and Electric Corporation,Bundled,NY,105141.0,1096937.0,23527.0,54819.0,748081.0,618.0,235108.0,2223030.0,264873.0
2005,16183.0,Rochester Gas and Electric Corporation,Delivery,NY,26948.0,2166766.0,14686.0,7977.0,782456.0,525.0,9025.0,551292.0,54556.0
2005,19461.0,Union Power Co,Bundled,WV,421.0,5494.0,289.0,0.0,0.0,0.0,813.0,12128.0,1145.0
2005,19498.0,United Light & Power Co,Bundled,WV,462.0,5248.0,298.0,0.0,0.0,0.0,827.0,11497.0,793.0
2005,20078.0,War Light & Power Co,Bundled,WV,443.0,4121.0,292.0,0.0,0.0,0.0,618.0,9744.0,718.0
2005,20455.0,Western Massachusetts Elec Co,Bundled,MA,115554.0,1045471.0,18529.0,49010.0,492464.0,790.0,189185.0,1576061.0,185927.0
2005,20455.0,Western Massachusetts Elec Co,Delivery,MA,22833.0,595661.0,1344.0,10928.0,417547.0,105.0,837.0,19659.0,954.0
2005,20521.0,Wheeling Power Co,Bundled,WV,22079.0,413919.0,5454.0,42163.0,1301096.0,279.0,24591.0,429075.0,35561.0
2006,733.0,Appalachian Power Co,Bundled,WV,188205.0,3586476.0,63944.0,256596.0,7366818.0,2438.0,310440.0,5541907.0,369383.0
2006,1167.0,Baltimore Gas & Electric Co,Bundled,MD,733337.0,6324471.0,97157.0,46793.0,466601.0,4070.0,1092068.0,12816206.0,1083842.0
2006,1167.0,Baltimore Gas & Electric Co,Delivery,MD,148967.0,9363239.0,18295.0,24645.0,2749698.0,928.0,-1254.0,69743.0,6091.0
2006,1179.0,Bangor Hydro-Electric Co,Delivery,ME,37843.0,617486.0,16782.0,11239.0,368182.0,40.0,49097.0,594602.0,99045.0
2006,1764.0,Black Diamond Power Co,Bundled,WV,479.0,5836.0,348.0,0.0,0.0,0.0,1217.0,16503.0,1404.0
2006,1998.0,Boston Edison Co,Bundled,MA,822617.0,4250607.0,97111.0,60182.0,301104.0,1035.0,848569.0,4206116.0,602404.0
2006,1998.0,Boston Edison Co,Delivery,MA,313104.0,5677321.0,8515.0,40973.0,854171.0,234.0,3500.0,42622.0,4275.0
2006,2886.0,Cambridge Electric Light Co,Bundled,MA,97334.0,567238.0,6783.0,2207.0,13379.0,18.0,38750.0,183318.0,40325.0
2006,2886.0,Cambridge Electric Light Co,Delivery,MA,44348.0,922370.0,867.0,662.0,16833.0,5.0,95.0,1042.0,146.0
2006,3249.0,Central Hudson Gas & Elec Corp,Bundled,NY,153908.0,1520755.0,42938.0,39158.0,511237.0,959.0,257114.0,2004577.0,246921.0
2006,3249.0,Central Hudson Gas & Elec Corp,Delivery,NY,6677.0,468741.0,1762.0,2353.0,968300.0,89.0,1157.0,25802.0,2698.0
2006,3266.0,Central Maine Power Co,Bundled,ME,28.0,216.0,6.0,0.0,0.0,0.0,12.0,83.0,27.0
2006,3266.0,Central Maine Power Co,Delivery,ME,139316.0,3235378.0,58865.0,42916.0,2262261.0,2613.0,229306.0,3414657.0,530868.0
2006,4089.0,Commonwealth Electric Co,Bundled,MA,108270.0,626002.0,21385.0,12367.0,75859.0,176.0,200259.0,1025540.0,144646.0
2006,4089.0,Commonwealth Electric Co,Delivery,MA,70058.0,1202992.0,26090.0,13298.0,288002.0,82.0,85826.0,1023293.0,165771.0
2006,4226.0,Consolidated Edison Co-NY Inc,Bundled,NY,2430187.0,13230007.0,390897.0,45004.0,267531.0,259.0,2631250.0,12589959.0,2527297.0
2006,4226.0,Consolidated Edison Co-NY Inc,Delivery,NY,1138546.0,25435278.0,82833.0,24824.0,457880.0,585.0,89238.0,1044698.0,201652.0
2006,5027.0,Delmarva Power & Light Company,Bundled,MD,118599.0,1065739.0,23889.0,4276.0,50823.0,205.0,245800.0,2138626.0,170907.0
2006,5027.0,Delmarva Power & Light Company,Delivery,MD,8943.0,663422.0,1745.0,3570.0,427619.0,63.0,74.0,2345.0,172.0
2006,5731.0,Elk Power Co,Bundled,WV,773.0,8991.0,224.0,0.0,0.0,0.0,835.0,11425.0,1662.0
2006,5779.0,Elkhorn Public Service Co,Bundled,WV,25.0,395.0,66.0,0.0,0.0,0.0,153.0,1834.0,121.0
2006,6369.0,Fishers Island Utility Co Inc,Bundled,NY,326.0,1438.0,112.0,11.0,61.0,2.0,1301.0,4419.0,643.0
2006,6374.0,Fitchburg Gas & Elec Light Co,Bundled,MA,18199.0,95722.0,3819.0,2871.0,16245.0,5.0,32453.0,171920.0,24352.0
2006,6374.0,Fitchburg Gas & Elec Light Co,Delivery,MA,1730.0,23031.0,214.0,9787.0,206837.0,27.0,5.0,59.0,4.0
2006,10262.0,Kimball Light and Water Co,Bundled,WV,63.0,782.0,86.0,0.0,0.0,0.0,249.0,3243.0,214.0
2006,11522.0,Maine Public Service Co,Delivery,ME,13339.0,200673.0,5882.0,5097.0,169785.0,16.0,14597.0,178929.0,30245.0
2006,11804.0,Massachusetts Electric Co,Bundled,MA,669019.0,4173837.0,126715.0,100337.0,628792.0,3444.0,1263505.0,8187699.0,1066816.0
2006,11804.0,Massachusetts Electric Co,Delivery,MA,187593.0,5175707.0,19460.0,110708.0,3378996.0,1325.0,10033.0,199554.0,21523.0
2006,12341.0,MidAmerican Energy Co,Energy,MD,2136.0,26469.0,53.0,0.0,0.0,0.0,0.0,0.0,0.0
2006,12796.0,Monongahela Power Co,Bundled,WV,151526.0,2551221.0,44338.0,185537.0,4514878.0,7252.0,237858.0,3280823.0,323426.0
2006,13206.0,Nantucket Electric Co,Bundled,MA,6460.0,34678.0,1209.0,139.0,767.0,3.0,15917.0,89174.0,10763.0
2006,13206.0,Nantucket Electric Co,Delivery,MA,982.0,14838.0,107.0,0.0,0.0,0.0,15.0,191.0,17.0
2006,13511.0,New York State Elec & Gas Corp,Bundled,NY,310209.0,2532073.0,86541.0,126503.0,1745002.0,1644.0,778322.0,5648612.0,701371.0
2006,13511.0,New York State Elec & Gas Corp,Delivery,NY,119384.0,2967779.0,26467.0,36486.0,1677100.0,1040.0,22769.0,500176.0,50960.0
2006,13573.0,Niagara Mohawk Power Corp,Bundled,NY,728228.0,5075399.0,123449.0,290935.0,1589350.0,874.0,1534860.0,10247534.0,1343802.0
2006,13573.0,Niagara Mohawk Power Corp,Delivery,NY,397481.0,7964432.0,38815.0,104169.0,3722215.0,932.0,59310.0,898753.0,94454.0
2006,14154.0,Orange & Rockland Utils Inc,Bundled,NY,136962.0,1132730.0,21335.0,26044.0,305037.0,78.0,159381.0,1035081.0,137776.0
2006,14154.0,Orange & Rockland Utils Inc,Delivery,NY,30669.0,789317.0,8725.0,4077.0,239799.0,33.0,34920.0,537404.0,51982.0
2006,14711.0,Pennsylvania Electric Co,Bundled,NY,1419.0,16377.0,464.0,868.0,12709.0,11.0,2739.0,29978.0,3323.0
2006,15263.0,The Potomac Edison Co,Bundled,MD,136497.0,1307293.0,25581.0,46407.0,530712.0,2570.0,219292.0,3128319.0,213497.0
2006,15263.0,The Potomac Edison Co,Bundled,WV,43799.0,734520.0,15021.0,34970.0,792772.0,1795.0,111867.0,1596088.0,108218.0
2006,15263.0,The Potomac Edison Co,Delivery,MD,10258.0,680522.0,1112.0,11524.0,1143732.0,233.0,2.0,81.0,4.0
2006,15270.0,Potomac Electric Power Co,Bundled,MD,402662.0,3507416.0,36710.0,0.0,0.0,0.0,667387.0,5445274.0,440915.0
2006,15270.0,Potomac Electric Power Co,Delivery,MD,122977.0,5108619.0,9974.0,5625.0,429526.0,10.0,12400.0,386544.0,26576.0
2006,16183.0,Rochester Gas and Electric Corporation,Bundled,NY,100690.0,896507.0,23640.0,52368.0,640682.0,493.0,232134.0,1982798.0,258345.0
2006,16183.0,Rochester Gas and Electric Corporation,Delivery,NY,60103.0,2161477.0,15378.0,18132.0,907896.0,568.0,21833.0,594378.0,61026.0
2006,19461.0,Union Power Co,Bundled,WV,425.0,5115.0,249.0,0.0,0.0,0.0,843.0,12026.0,1050.0
2006,19498.0,United Light and Power Co,Bundled,WV,470.0,5092.0,205.0,0.0,0.0,0.0,817.0,11125.0,782.0
2006,20078.0,War Light and Power Co,Bundled,WV,326.0,4393.0,285.0,0.0,0.0,0.0,733.0,9110.0,715.0
2006,20455.0,Western Massachusetts Elec Co,Bundled,MA,101309.0,671775.0,17659.0,24815.0,176784.0,641.0,229295.0,1427817.0,185582.0
2006,20455.0,Western Massachusetts Elec Co,Delivery,MA,36052.0,927061.0,2673.0,18316.0,685370.0,267.0,2901.0,83208.0,2737.0
2006,20521.0,Wheeling Power Co,Bundled,WV,22564.0,420929.0,5484.0,38448.0,1230792.0,272.0,24062.0,419410.0,35615.0
2007,733.0,Appalachian Power Co,Bundle,WV,209365.0,3752354.0,64585.0,300571.0,7907041.0,2449.0,359124.0,5839210.0,370462.0
2007,1167.0,Baltimore Gas & Electric Co,Bundle,MD,577378.0,4364326.0,81831.0,31596.0,286758.0,3517.0,1511357.0,13024401.0,1073714.0
2007,1167.0,Baltimore Gas & Electric Co,Delivery,MD,216624.0,11890988.0,34591.0,26443.0,2924563.0,1687.0,3566.0,340214.0,25941.0
2007,1179.0,Bangor Hydro-Electric Co,Delivery,ME,38416.0,606740.0,16951.0,10944.0,377021.0,40.0,49624.0,593895.0,99940.0
2007,1764.0,Black Diamond Power Company,Bundle,WV,491.0,6020.0,340.0,0.0,0.0,0.0,1146.0,17378.0,1399.0
2007,3249.0,Central Hudson Gas & Elec Corp,Bundle,NY,181813.0,1615260.0,43399.0,89421.0,1047884.0,1181.0,292307.0,2087392.0,248621.0
2007,3249.0,Central Hudson Gas & Elec Corp,Delivery,NY,8938.0,454504.0,1870.0,1198.0,395736.0,89.0,1611.0,30785.0,3227.0
2007,3266.0,Central Maine Power Co,Bundle,ME,28.0,202.0,6.0,0.0,0.0,0.0,13.0,80.0,28.0
2007,3266.0,Central Maine Power Co,Delivery,ME,141188.0,3301322.0,59601.0,44660.0,2323199.0,2608.0,234291.0,3473914.0,538454.0
2007,4226.0,Consolidated Edison Co-NY Inc,Bundle,NY,2455185.0,12743413.0,391071.0,44295.0,245799.0,247.0,2656619.0,12312008.0,2403262.0
2007,4226.0,Consolidated Edison Co-NY Inc,Delivery,NY,1376632.0,27333176.0,95745.0,28006.0,458274.0,612.0,169163.0,1796348.0,344996.0
2007,5027.0,Delmarva Power & Light Company,Bundle,MD,99936.0,745824.0,21198.0,4291.0,32662.0,168.0,294156.0,2158823.0,170028.0
2007,5027.0,Delmarva Power & Light Company,Delivery,MD,14881.0,1019573.0,4397.0,3342.0,426326.0,91.0,587.0,22574.0,1006.0
2007,5731.0,Elk Power Co,Bundle,WV,840.0,9710.0,782.0,0.0,0.0,0.0,828.0,11662.0,1135.0
2007,5779.0,Elkhorn Public Service Co,Bundle,WV,19.0,259.0,64.0,0.0,0.0,0.0,81.0,1150.0,120.0
2007,6369.0,Fishers Island Utility Co Inc,Bundle,NY,330.0,1671.0,111.0,0.0,0.0,0.0,1268.0,4141.0,647.0
2007,6374.0,Fitchburg Gas & Elec Light Co,Bundle,MA,16384.0,89463.0,3637.0,1975.0,12756.0,7.0,31948.0,173785.0,24376.0
2007,6374.0,Fitchburg Gas & Elec Light Co,Delivery,MA,2239.0,29458.0,431.0,9482.0,189209.0,26.0,10.0,55.0,12.0
2007,10262.0,Kimball Light & Water Co,Bundle,WV,29.0,369.0,30.0,0.0,0.0,0.0,132.0,1778.0,207.0
2007,11522.0,Maine Public Service Co,Delivery,ME,13984.0,204365.0,6023.0,5027.0,170397.0,17.0,15369.0,180293.0,30349.0
2007,11804.0,Massachusetts Electric Co,Bundle,MA,579643.0,3768886.0,121043.0,77494.0,542715.0,3187.0,1293471.0,8232036.0,1050791.0
2007,11804.0,Massachusetts Electric Co,Delivery,MA,190547.0,5828560.0,26839.0,95281.0,3364704.0,1492.0,19881.0,425471.0,49289.0
2007,12341.0,MidAmerican Energy Co,Energy,MD,9727.0,99035.0,244.0,8968.0,108979.0,2.0,0.0,0.0,0.0
2007,12796.0,Monongahela Power Co,Bundle,WV,163889.0,2690953.0,45017.0,196827.0,4624376.0,7297.0,261712.0,3536402.0,326243.0
2007,13206.0,Nantucket Electric Co,Bundle,MA,5985.0,30126.0,1166.0,53.0,297.0,3.0,17787.0,95351.0,10928.0
2007,13206.0,Nantucket Electric Co,Delivery,MA,1343.0,18542.0,190.0,33.0,480.0,1.0,17.0,228.0,30.0
2007,13511.0,New York State Elec & Gas Corp,Bundle,NY,294814.0,2446765.0,81786.0,109644.0,1608935.0,1415.0,758120.0,5659267.0,679298.0
2007,13511.0,New York State Elec & Gas Corp,Delivery,NY,136167.0,3225572.0,30200.0,42474.0,1771722.0,1170.0,35993.0,639999.0,77757.0
2007,13573.0,Niagara Mohawk Power Corp,Bundle,NY,721522.0,4690828.0,117655.0,278741.0,1634915.0,817.0,1577337.0,10139717.0,1308819.0
2007,13573.0,Niagara Mohawk Power Corp,Delivery,NY,435679.0,8530320.0,45916.0,114366.0,3773924.0,958.0,80362.0,1227940.0,133645.0
2007,14154.0,Orange & Rockland Utils Inc,Bundle,NY,160824.0,1188901.0,21622.0,33520.0,340473.0,73.0,187717.0,1131165.0,138326.0
2007,14154.0,Orange & Rockland Utils Inc,Delivery,NY,29052.0,777689.0,8768.0,3349.0,181065.0,36.0,33296.0,514687.0,52626.0
2007,14711.0,Pennsylvania Electric Co,Bundle,NY,1444.0,16770.0,464.0,858.0,12413.0,11.0,2848.0,30805.0,3312.0
2007,15263.0,Potomac Edison Co,Bundle,MD,113293.0,960422.0,22727.0,33771.0,360761.0,2054.0,247860.0,3364980.0,216265.0
2007,15263.0,Potomac Edison Co,Bundle,WV,48819.0,792679.0,15475.0,36477.0,790391.0,1832.0,126772.0,1750966.0,110902.0
2007,15263.0,Potomac Edison Co,Delivery,MD,20186.0,1132957.0,4380.0,13262.0,1221329.0,751.0,6.0,232.0,10.0
2007,15270.0,Potomac Electric Power Co,Bundle,MD,290305.0,2199811.0,30962.0,0.0,0.0,0.0,805147.0,5741362.0,445057.0
2007,15270.0,Potomac Electric Power Co,Delivery,MD,167211.0,6595778.0,15862.0,5920.0,448715.0,11.0,12387.0,376456.0,25143.0
2007,16183.0,Rochester Gas and Electric Corporation,Bundle,NY,102422.0,930697.0,24108.0,48865.0,611790.0,472.0,240326.0,2096566.0,264226.0
2007,16183.0,Rochester Gas and Electric Corporation,Delivery,NY,56769.0,2366818.0,14732.0,13102.0,982874.0,548.0,15911.0,568328.0,55598.0
2007,19461.0,Union Power Co,Bundle,WV,440.0,4941.0,251.0,0.0,0.0,0.0,792.0,12201.0,1053.0
2007,19498.0,United Light & Power Co,Bundle,WV,246.0,2834.0,339.0,0.0,0.0,0.0,451.0,6541.0,910.0
2007,20078.0,War Light & Power Co,Bundle,WV,206.0,2533.0,301.0,0.0,0.0,0.0,416.0,5699.0,712.0
2007,20455.0,Western Massachusetts Elec Co,Bundle,MA,89893.0,552381.0,16131.0,20789.0,141472.0,546.0,238311.0,1405099.0,180795.0
2007,20455.0,Western Massachusetts Elec Co,Delivery,MA,55128.0,1062100.0,4037.0,27248.0,700839.0,338.0,8216.0,134095.0,8107.0
2007,20521.0,Wheeling Power Co,Bundle,WV,25758.0,453386.0,5504.0,45154.0,1327189.0,267.0,28401.0,449590.0,35561.0
2007,54913.0,NSTAR Electric Company,Bundle,MA,731234.0,4261204.0,115973.0,46009.0,295314.0,1067.0,998933.0,5359778.0,786471.0
2007,54913.0,NSTAR Electric Company,Delivery,MA,488307.0,9313818.0,47230.0,54123.0,1177464.0,434.0,94252.0,1247643.0,187185.0
2008,733.0,Appalachian Power Co,Bundled,WV,226266.0,3730885,65247,343587,8243319,2453,398825.0,5885215.0,372131.0
2008,1167.0,Baltimore Gas & Electric Co,Bundled,MD,603967.0,3957182,88127,31303,241819,3899,1871930.0,12669823.0,1081500.0
2008,1167.0,Baltimore Gas & Electric Co,Delivery,MD,222478.0,11709638,29503,25553,2748675,1445,12223.0,352639.0,27003.0
2008,1179.0,Bangor Hydro-Electric Co,Delivery,ME,36007.0,614639,17054,10126,346850,43,47627.0,590807.0,100587.0
2008,1764.0,Black Diamond Power Co,Bundled,WV,733.0,5884,373,0,0,0,1195.0,17831.0,1418.0
2008,3249.0,Central Hudson Gas & Elec Corp,Bundled,NY,209284.0,1575834,42761,18433,147781,1027,326181.0,2003545.0,244470.0
2008,3249.0,Central Hudson Gas & Elec Corp,Delivery,NY,7741.0,453056,2990,1842,1161029,134,4551.0,80320.0,9240.0
2008,3266.0,Central Maine Power Co,Bundled,ME,31.0,223,6,0,0,0,12.0,72.0,28.0
2008,3266.0,Central Maine Power Co,Delivery,ME,115003.0,3250049,59706,40904,2298151,2614,211243.0,3420315.0,538925.0
2008,4226.0,Consolidated Edison Co-NY Inc,Bundled,NY,2688097.0,12678840,391694,45072,230395,238,2833407.0,11719706.0,2312650.0
2008,4226.0,Consolidated Edison Co-NY Inc,Delivery,NY,1526411.0,27603634,99653,28803,431984,620,244350.0,2333137.0,456629.0
2008,5027.0,Delmarva Power,Bundled,MD,100183.0,690959,20766,1862,19913,154,298841.0,2063038.0,170787.0
2008,5027.0,Delmarva Power,Delivery,MD,18655.0,1048342,5043,3641,397765,102,893.0,28012.0,1594.0
2008,5731.0,Elk Power Co,Bundled,WV,1002.0,8703,746,0,0,0,846.0,11669.0,1150.0
2008,6369.0,Fishers Island Utility Co Inc,Bundled,NY,439.0,1579,109,0,0,0,1201.0,3973.0,649.0
2008,6374.0,Fitchburg Gas and Electric Light Company,Bundled,MA,15737.0,77513,3602,1729,8902,6,34060.0,166826.0,24277.0
2008,6374.0,Fitchburg Gas and Electric Light Company,Delivery,MA,3144.0,36958,464,9941,177545,27,257.0,2973.0,16.0
2008,11522.0,Maine Public Service Co,Delivery,ME,13651.0,199129,5996,4247,146437,17,15201.0,178011.0,30229.0
2008,11804.0,Massachusetts Electric Co,Bundled,MA,586151.0,3434406,119075,82260,520380,2999,1350199.0,7926982.0,1051215.0
2008,11804.0,Massachusetts Electric Co,Delivery,MA,224973.0,5868073,27686,105894,3114566,1438,22911.0,446385.0,49077.0
2008,12341.0,MidAmerican Energy Co,Energy,MD,12327.0,119195,220,11041,103727,1,0.0,0.0,0.0
2008,12796.0,Monongahela Power Co,Bundled,WV,159587.0,2671042,45662,188875,4433556,7383,259819.0,3526770.0,328147.0
2008,13206.0,Nantucket Electric Co,Bundled,MA,6364.0,30218,1199,4,16,3,18288.0,93742.0,11062.0
2008,13206.0,Nantucket Electric Co,Delivery,MA,1608.0,22406,176,68,1091,1,30.0,394.0,39.0
2008,13511.0,New York State Elec & Gas Corp,Bundled,NY,284131.0,2279549,76284,88887,1236259,1215,698550.0,5297114.0,653965.0
2008,13511.0,New York State Elec & Gas Corp,Delivery,NY,112939.0,3404631,36222,32244,2156191,1299,40391.0,975778.0,104749.0
2008,13573.0,Niagara Mohawk Power Corp.,Bundled,NY,696550.0,4135314,109098,275166,1345912,768,1489141.0,9636989.0,1271407.0
2008,13573.0,Niagara Mohawk Power Corp.,Delivery,NY,421059.0,8741923,55040,116960,4130834,973,82134.0,1155154.0,175420.0
2008,14154.0,Orange & Rockland Utils Inc,Bundled,NY,169376.0,1152066,21563,33656,281966,71,204791.0,1130272.0,138899.0
2008,14154.0,Orange & Rockland Utils Inc,Delivery,NY,32685.0,840732,9051,4135,219037,36,35035.0,528643.0,53345.0
2008,14711.0,Pennsylvania Electric Co,Bundled,NY,1412.0,16424,461,674,9432,10,2852.0,31432.0,3305.0
2008,15263.0,The Potomac Edison Co,Bundled,MD,110973.0,925459,22596,32484,352638,2011,231908.0,3202917.0,217831.0
2008,15263.0,The Potomac Edison Co,Bundled,WV,48571.0,793364,15866,35127,748323,1897,126917.0,1763369.0,112541.0
2008,15263.0,The Potomac Edison Co,Delivery,MD,20370.0,1147004,4925,12005,1193182,804,12.0,425.0,20.0
2008,15270.0,Potomac Electric Power Co,Bundled,MD,322367.5,2167190,31648,0,0,0,808714.2,5428727.0,443496.0
2008,15270.0,Potomac Electric Power Co,Delivery,MD,172027.0,6573402,15172,5972,447103,11,13688.0,385143.0,27914.0
2008,16183.0,Rochester Gas & Electric Corp,Bundled,NY,96129.0,845892,23916,48653,588797,438,238505.0,2013088.0,261889.0
2008,16183.0,Rochester Gas & Electric Corp,Delivery,NY,41073.0,2345488,15326,7893,831352,544,13501.0,559973.0,58923.0
2008,19461.0,Union Power Co,Bundled,WV,625.0,4892,263,0,0,0,830.0,12126.0,1048.0
2008,20455.0,Western Massachusetts Elec Co,Bundled,MA,93246.0,540570,16371,19153,129114,544,232938.0,1289716.0,178173.0
2008,20455.0,Western Massachusetts Elec Co,Delivery,MA,43736.0,1051764,4258,20092,672852,336,8365.0,152902.0,10175.0
2008,20521.0,Wheeling Power Co,Bundled,WV,26980.0,439674,5587,51142,1299131,266,29598.0,424875.0,35481.0
2008,54913.0,NSTAR Electric Company,Bundled,MA,739846.0,4116110,112050,49392,277777,936,1032636.0,5243413.0,785251.0
2008,54913.0,NSTAR Electric Company,Delivery,MA,523258.0,9586208,52016,54511,1129724,798,101733.0,1294813.0,192615.0
2009,733.0,Appalachian Power Co,Bundled,WV,240657.0,3695018,65527,278129.0,5261853.0,2453.0,421489.0,5739991.0,371936.0
2009,1167.0,Baltimore Gas & Electric Co,Bundled,MD,531145.0,3944909,82571,30377.0,269747.0,3634.0,1956613.0,12393958.0,1074953.0
2009,1167.0,Baltimore Gas & Electric Co,Delivery,MD,244623.0,11719448,35508,27501.0,2487195.0,1711.0,16693.0,456590.0,36265.0
2009,1179.0,Bangor Hydro-Electric Co,Delivery,ME,37604.0,596763,17181,10214.0,342030.0,44.0,48276.0,591484.0,100925.0
2009,1764.0,Black Diamond Power Co,Bundled,WV,862.0,5718,142,0.0,0.0,0.0,1336.0,17048.0,1367.0
2009,3249.0,Central Hudson Gas & Elec Corp,Bundled,NY,157150.0,1296801,40613,11120.8,105727.0,905.0,302991.7,1916310.0,240551.0
2009,3249.0,Central Hudson Gas & Elec Corp,Delivery,NY,18955.9,684220,4969,5485.8,1064606.0,191.0,7497.6,106644.0,12358.0
2009,3266.0,Central Maine Power Co,Bundled,ME,28.0,230,6,0.0,0.0,0.0,13.0,81.0,28.0
2009,3266.0,Central Maine Power Co,Delivery,ME,115298.0,3201729,59756,41064.0,2041979.0,2644.0,213043.0,3426957.0,540002.0
2009,4226.0,Consolidated Edison Co-NY Inc,Bundled,NY,2420188.0,12324277,391850,36187.0,200427.0,223.0,2582035.0,10952005.0,2280223.0
2009,4226.0,Consolidated Edison Co-NY Inc,Delivery,NY,1823112.0,26821176,104455,39620.0,481886.0,625.0,315396.0,2497071.0,500463.0
2009,5027.0,Delmarva Power,Bundled,MD,77182.3,585926,20371,1501.0,15505.0,145.0,302923.0,2038344.0,171557.0
2009,5027.0,Delmarva Power,Delivery,MD,19121.4,1131094,5505,3110.5,378512.0,103.0,883.0,25607.0,1411.0
2009,5731.0,Elk Power Co,Bundled,WV,1083.0,8213,737,0.0,0.0,0.0,892.0,11913.0,1150.0
2009,6369.0,Fishers Island Utility Co Inc,Bundled,NY,461.0,1682,108,0.0,0.0,0.0,1253.0,3823.0,654.0
2009,6374.0,Fitchburg Gas and Electric Light Company,Bundled,MA,13465.0,67497,3604,1989.0,11526.0,6.0,31827.0,161946.0,24281.0
2009,6374.0,Fitchburg Gas and Electric Light Company,Delivery,MA,3440.0,39304,541,9297.0,156790.0,26.0,307.0,3333.0,15.0
2009,11522.0,Maine Public Service Co,Delivery,ME,13082.0,191095,5988,3441.0,122372.0,17.0,15186.0,180514.0,30237.0
2009,11804.0,Massachusetts Electric Co,Bundled,MA,442015.0,2868132,116616,54845.0,447430.0,2858.0,1217040.0,7657443.0,1034045.0
2009,11804.0,Massachusetts Electric Co,Delivery,MA,250833.7,6360873,32090,98166.1,2951819.0,1552.0,35097.1,666819.0,74333.0
2009,12341.0,MidAmerican Energy Co,Energy,MD,15841.0,148331,570,8989.0,130235.0,3.0,0.0,0.0,0.0
2009,12796.0,Monongahela Power Co,Bundled,WV,185370.0,2663299,46236,205487.0,3821958.0,7514.0,300105.0,3532786.0,329870.0
2009,13206.0,Nantucket Electric Co,Bundled,MA,5733.8,32389,1253,1.3,5.0,3.0,15802.7,90226.0,11145.0
2009,13206.0,Nantucket Electric Co,Delivery,MA,1105.0,16432,183,53.0,998.0,1.0,25.0,351.0,28.0
2009,13511.0,New York State Elec & Gas Corp,Bundled,NY,184851.8,2002202,75082,46645.0,843134.0,1056.0,607850.9,5107334.0,636962.0
2009,13511.0,New York State Elec & Gas Corp,Delivery,NY,127593.5,3518398,39945,39016.4,2105390.0,1375.0,65060.1,1115466.0,120867.0
2009,13573.0,Niagara Mohawk Power Corp.,Bundled,NY,508395.5,4016265,104171,177376.6,1155161.0,755.0,1399401.6,9360771.0,1245334.0
2009,13573.0,Niagara Mohawk Power Corp.,Delivery,NY,457170.7,8726146,60354,118394.4,3735245.0,975.0,154872.3,1770888.0,204921.0
2009,14154.0,Orange & Rockland Utils Inc,Bundled,NY,127716.0,981477,20769,18931.0,249428.0,67.0,189786.0,1076295.0,140244.0
2009,14154.0,Orange & Rockland Utils Inc,Delivery,NY,41664.0,934057,9920,4625.0,188371.0,38.0,36996.0,485049.0,52623.0
2009,14711.0,Pennsylvania Electric Co,Bundled,NY,1301.6,15793,456,632.8,9173.0,10.0,2746.2,31963.0,3309.0
2009,15263.0,The Potomac Edison Co,Bundled,MD,86580.0,797288,22044,23220.0,303967.0,1928.0,368291.0,3223770.0,218383.0
2009,15263.0,The Potomac Edison Co,Bundled,WV,57888.0,809600,16113,37572.0,647134.0,1958.0,144734.0,1733569.0,113424.0
2009,15263.0,The Potomac Edison Co,Delivery,MD,20162.0,1245876,5714,10501.0,1105177.0,919.0,330.0,12926.0,670.0
2009,15270.0,Potomac Electric Power Co,Bundled,MD,238175.8,1996231,31143,2045.0,28424.0,2.0,840081.9,5330479.0,442173.0
2009,15270.0,Potomac Electric Power Co,Delivery,MD,174094.0,6620686,15871,10244.3,452028.0,9.0,15811.2,438800.0,32663.0
2009,16183.0,Rochester Gas & Electric Corp,Bundled,NY,71940.0,710800,22832,25617.0,396034.0,406.0,228946.0,1987238.0,259569.0
2009,16183.0,Rochester Gas & Electric Corp,Delivery,NY,81711.0,2386825,16779,23993.0,1033810.0,540.0,28845.0,575064.0,62434.0
2009,19461.0,Union Power Co,Bundled,WV,735.0,5274,280,0.0,0.0,0.0,894.0,11432.0,1027.0
2009,20455.0,Western Massachusetts Elec Co,Bundled,MA,65392.0,429195,15057,8667.0,66864.0,560.0,210467.0,1294660.0,174429.0
2009,20455.0,Western Massachusetts Elec Co,Delivery,MA,58131.0,1068654,2497,24887.0,612105.0,136.0,11337.0,172284.0,11541.0
2009,20521.0,Wheeling Power Co,Bundled,WV,29408.0,448778,5606,52272.0,1237439.0,264.0,32021.0,426922.0,35355.0
2009,54913.0,NSTAR Electric Company,Bundled,MA,479076.0,2509682,110143,182926.0,1106101.0,1548.0,994505.0,5136866.0,786893.0
2009,54913.0,NSTAR Electric Company,Delivery,MA,166842.0,2331414,51167,410033.0,8562158.0,2323.0,100179.0,1325696.0,198992.0
2010,733.0,Appalachian Power Co,Bundled,WV,279803.0,3827117,66131,299785.0,5338790.0,2433.0,504394.0,6207486.0,371429.0
2010,1167.0,Baltimore Gas & Electric Co,Bundled,MD,467353.0,3706750,75771,28665.0,267038.0,3368.0,1808619.0,12344328.0,1005310.0
2010,1167.0,Baltimore Gas & Electric Co,Delivery,MD,249187.0,12504155,42656,24069.0,2255331.0,2042.0,48090.0,1490128.0,107789.0
2010,1179.0,Bangor Hydro-Electric Co,Delivery,ME,41045.0,602782,17324,11501.0,362990.0,42.0,50607.0,591050.0,101103.0
2010,1764.0,Black Diamond Power Co,Bundled,WV,1272.0,18557,525,0.0,0.0,0.0,5492.0,45700.0,4519.0
2010,3249.0,Central Hudson Gas & Elec Corp,Bundled,NY,149612.4,1183268,39196,10624.9,95294.0,864.0,323430.6,1958837.0,237920.0
2010,3249.0,Central Hudson Gas & Elec Corp,Delivery,NY,26010.4,819866,6222,11681.2,1018720.0,214.0,11069.7,138750.0,15555.0
2010,3266.0,Central Maine Power Co,Bundled,ME,28.0,235,6,0.0,0.0,0.0,10.0,62.0,28.0
2010,3266.0,Central Maine Power Co,Delivery,ME,121996.0,3226771,59868,45888.0,2191283.0,2613.0,223117.0,3442928.0,542537.0
2010,4226.0,Consolidated Edison Co-NY Inc,Bundled,NY,2530460.0,12417399,388876,37977.0,200770.0,184.0,2976921.0,11518155.0,2288286.0
2010,4226.0,Consolidated Edison Co-NY Inc,Delivery,NY,2094424.0,28052828,110876,38489.0,430460.0,625.0,393333.0,2837209.0,519200.0
2010,5027.0,Delmarva Power,Bundled,MD,70419.5,576878,19604,2063.9,20534.0,136.0,318942.2,2144538.0,169166.0
2010,5027.0,Delmarva Power,Delivery,MD,23868.3,1191091,6269,3995.7,376482.0,107.0,2562.8,72867.0,4147.0
2010,6369.0,Fishers Island Utility Co Inc,Bundled,NY,433.4,1697,108,0.0,0.0,0.0,1318.8,4013.0,652.0
2010,6374.0,Fitchburg Gas and Electric Light Company,Bundled,MA,12999.0,67632,3655,1224.0,6385.0,4.0,32574.0,174769.0,24449.0
2010,6374.0,Fitchburg Gas and Electric Light Company,Delivery,MA,4426.0,46046,581,11723.0,172154.0,25.0,19.0,167.0,14.0
2010,11522.0,Maine Public Service Co,Delivery,ME,13091.0,190434,6023,3485.0,131495.0,17.0,14956.0,177826.0,30225.0
2010,11804.0,Massachusetts Electric Co,Bundled,MA,401040.0,3167592,116261,53495.0,470343.0,2820.0,1129378.0,8884116.0,1037206.0
2010,11804.0,Massachusetts Electric Co,Delivery,MA,282511.0,6411528,33521,109531.0,2955834.0,1531.0,44914.0,745373.0,78553.0
2010,12341.0,MidAmerican Energy Co,Energy,MD,22685.0,230352,845,13935.0,185008.0,7.0,0.0,0.0,0.0
2010,12796.0,Monongahela Power Co,Bundled,WV,221068.0,2760789,46658,263683.0,4130286.0,7645.0,361347.0,3780837.0,331200.0
2010,13206.0,Nantucket Electric Co,Bundled,MA,4895.0,30902,1282,0.5,2.0,2.0,14340.0,93070.0,11188.0
2010,13206.0,Nantucket Electric Co,Delivery,MA,1309.0,19674,176,51.0,990.0,1.0,46.0,623.0,44.0
2010,13511.0,New York State Elec & Gas Corp,Bundled,NY,181213.0,1774115,71547,35366.0,585294.0,939.0,570194.0,5120503.0,611712.0
2010,13511.0,New York State Elec & Gas Corp,Delivery,NY,118592.0,3759408,43011,29577.0,2382846.0,1409.0,68138.0,1398004.0,149116.0
2010,13573.0,Niagara Mohawk Power Corp.,Bundled,NY,530108.8,3873456,101607,223480.5,1490309.0,748.0,1485491.0,9542752.0,1224605.0
2010,13573.0,Niagara Mohawk Power Corp.,Delivery,NY,540506.3,8972038,63113,136814.4,3594942.0,952.0,182438.6,2039312.0,230164.0
2010,14154.0,Orange & Rockland Utils Inc,Bundled,NY,119177.0,833035,19322,17661.0,218641.0,57.0,210586.0,1115190.0,132344.0
2010,14154.0,Orange & Rockland Utils Inc,Delivery,NY,57023.0,1129933,11424,5805.0,202350.0,43.0,49859.0,574983.0,61103.0
2010,14711.0,Pennsylvania Electric Co,Bundled,NY,1340.6,16084,456,681.2,10529.0,10.0,2671.4,31577.0,3310.0
2010,15263.0,The Potomac Edison Co,Bundled,MD,87257.0,796849,21826,23251.0,283122.0,1865.0,382599.0,3303277.0,215779.0
2010,15263.0,The Potomac Edison Co,Bundled,WV,67761.0,839504,16257,49110.0,744821.0,1989.0,169269.0,1833906.0,114094.0
2010,15263.0,The Potomac Edison Co,Delivery,MD,24468.0,1310052,6115,12599.0,1187853.0,1011.0,2749.0,90881.0,4814.0
2010,15270.0,Potomac Electric Power Co,Bundled,MD,210450.2,1748455,30117,10.6,77.0,2.0,872839.9,5561943.0,435902.0
2010,15270.0,Potomac Electric Power Co,Delivery,MD,222383.0,7087982,17273,8179.7,474188.0,10.0,27842.5,665023.0,45762.0
2010,16183.0,Rochester Gas & Electric Corp,Bundled,NY,78020.0,656602,22285,30471.0,342545.0,364.0,251213.0,2035226.0,256607.0
2010,16183.0,Rochester Gas & Electric Corp,Delivery,NY,109342.0,2523026,17672,34704.0,1084117.0,539.0,36190.0,642215.0,68054.0
2010,20455.0,Western Massachusetts Elec Co,Bundled,MA,61040.0,428388,15400,6552.0,46334.0,557.0,196563.0,1366856.0,175212.0
2010,20455.0,Western Massachusetts Elec Co,Delivery,MA,64189.0,1087046,2583,27340.0,623026.0,141.0,11770.0,174557.0,11924.0
2010,20521.0,Wheeling Power Co,Bundled,WV,33897.0,459342,5649,66552.0,1390285.0,263.0,37830.0,454435.0,35234.0
2010,54913.0,NSTAR Electric Company,Bundled,MA,390458.0,2382635,109096,134922.0,1078606.0,1603.0,932974.0,5484797.0,794590.0
2010,54913.0,NSTAR Electric Company,Delivery,MA,196002.0,2537386,54156,477837.0,8814353.0,2405.0,117374.0,1356063.0,195058.0
2011,733.0,Appalachian Power Co,Bundled,WV,297262.0,3683504,66345,330319.0,5358716.0,2429.0,514604.0,5677772.0,370432.0
2011,1167.0,Baltimore Gas & Electric Co,Bundled,MD,387318.0,3258401,71684,22486.0,215536.0,3259.0,1351593.0,9821366.0,883917.0
2011,1167.0,Baltimore Gas & Electric Co,Delivery,MD,274683.0,13185649,47040,27905.0,2193364.0,2271.0,109656.0,2830398.0,232116.0
2011,1179.0,Bangor Hydro-Electric Co,Delivery,ME,42458.0,602202,17422,10467.0,317637.0,43.0,52697.0,597968.0,101262.0
2011,1764.0,Black Diamond Power Co,Bundled,WV,1683.0,19473,540,0.0,0.0,0.0,4880.0,40792.0,4558.0
2011,3249.0,Central Hudson Gas & Elec Corp,Bundled,NY,127683.0,1052215,37576,9311.0,92979.0,834.0,310396.8,1944957.0,235742.0
2011,3249.0,Central Hudson Gas & Elec Corp,Delivery,NY,31954.0,945729,7726,13843.1,984417.0,246.0,13938.4,164127.0,18413.0
2011,3266.0,Central Maine Power Co,Bundled,ME,27.0,233,6,0.0,0.0,0.0,11.0,69.0,28.0
2011,3266.0,Central Maine Power Co,Delivery,ME,121982.0,3147574,60098,44410.0,2203005.0,2616.0,226685.0,3440938.0,544066.0
2011,4226.0,Consolidated Edison Co-NY Inc,Bundled,NY,2294303.0,11082390,371054,24425.0,130979.0,130.0,2918009.0,11403660.0,2263566.0
2011,4226.0,Consolidated Edison Co-NY Inc,Delivery,NY,2299346.0,28600445,124704,36380.0,463602.0,636.0,449923.0,3045014.0,569199.0
2011,5027.0,Delmarva Power,Bundled,MD,63015.7,554337,17659,1301.5,16496.0,122.0,261485.4,1936326.0,158249.0
2011,5027.0,Delmarva Power,Delivery,MD,24827.3,1203837,8076,4146.3,384185.0,118.0,9213.6,234533.0,15232.0
2011,6369.0,Fishers Island Utility Co Inc,Bundled,NY,440.0,1724,108,0.0,0.0,0.0,1350.0,3905.0,652.0
2011,6374.0,Fitchburg Gas & Elec Light Co,Bundled,MA,12452.0,65663,3652,740.0,4159.0,3.0,32471.0,176713.0,24620.0
2011,6374.0,Fitchburg Gas & Elec Light Co,Delivery,MA,4969.0,47852,566,12774.0,169457.0,27.0,17.0,145.0,13.0
2011,11522.0,Maine Public Service Co,Delivery,ME,13200.0,187318,6037,3149.0,128994.0,14.0,15344.0,179997.0,30242.0
2011,11804.0,Massachusetts Electric Co,Bundled,MA,392479.0,2925740,120260,49864.0,404332.0,2945.0,1087540.0,8060810.0,1052010.0
2011,11804.0,Massachusetts Electric Co,Delivery,MA,280794.0,6360845,34403,107306.0,2880567.0,1484.0,40145.0,698617.0,75381.0
2011,12341.0,MidAmerican Energy Co,Energy,MD,20606.0,237373,884,44713.0,682465.0,15.0,0.0,0.0,0.0
2011,12796.0,Monongahela Power Co,Bundled,WV,223049.2,2724356,47064,266613.0,4150292.0,7734.0,363525.4,3692936.0,332020.0
2011,13206.0,Nantucket Electric Co,Bundled,MA,3833.0,27895,1290,1.0,8.0,3.0,12911.0,92979.0,11212.0
2011,13206.0,Nantucket Electric Co,Delivery,MA,1411.0,22231,181,47.0,1019.0,1.0,44.0,636.0,41.0
2011,13511.0,New York State Elec & Gas Corp,Bundled,NY,152164.9,1581403,68473,28085.7,480602.0,853.0,539562.9,4983887.0,587353.0
2011,13511.0,New York State Elec & Gas Corp,Delivery,NY,116399.5,3999181,46158,27525.4,2517379.0,1425.0,76677.3,1648121.0,174488.0
2011,13573.0,Niagara Mohawk Power Corp.,Bundled,NY,453332.0,3452903,98730,193953.0,1254034.0,702.0,1419958.0,9366973.0,1199358.0
2011,13573.0,Niagara Mohawk Power Corp.,Delivery,NY,563412.0,9352872,67587,145247.0,3855371.0,983.0,207630.0,2301861.0,258822.0
2011,14154.0,Orange & Rockland Utils Inc,Bundled,NY,94944.0,696076,18672,11751.0,166921.0,52.0,190614.0,1024674.0,128238.0
2011,14154.0,Orange & Rockland Utils Inc,Delivery,NY,65919.0,1270480,12185,7448.0,245523.0,47.0,56316.0,644193.0,65413.0
2011,14711.0,Pennsylvania Electric Co,Bundled,NY,1236.1,15270,446,697.2,11208.0,10.0,2899.6,34439.0,3321.0
2011,14711.0,Pennsylvania Electric Co,Delivery,NY,0.9,33,3,0.0,0.0,0.0,0.0,0.0,0.0
2011,15263.0,The Potomac Edison Company,Bundled,MD,78738.4,724270,20080,20835.2,260105.0,1797.0,331734.3,3087477.0,206761.0
2011,15263.0,The Potomac Edison Company,Bundled,WV,68016.6,838899,16833,52822.8,813272.0,2006.0,166797.2,1810007.0,117206.0
2011,15263.0,The Potomac Edison Company,Delivery,MD,30220.1,1371532,8027,16544.3,1263122.0,1102.0,7628.0,247738.0,15002.0
2011,15270.0,Potomac Electric Power Co,Bundled,MD,186578.4,1672060,28088,2708.6,28925.0,4.0,690945.2,4887920.0,402528.0
2011,15270.0,Potomac Electric Power Co,Delivery,MD,235017.6,6960941,19516,8037.1,437419.0,9.0,49643.7,1102551.0,81042.0
2011,16183.0,Rochester Gas & Electric Corp,Bundled,NY,69681.0,611724,21372,19576.0,230243.0,325.0,241220.0,1999343.0,249138.0
2011,16183.0,Rochester Gas & Electric Corp,Delivery,NY,112112.0,2581565,18647,35657.0,1135675.0,556.0,42454.0,729209.0,77311.0
2011,20455.0,Western Massachusetts Elec Co,Bundled,MA,58829.0,414099,17848,10976.0,90665.0,700.0,200241.0,1362948.0,176720.0
2011,20455.0,Western Massachusetts Elec Co,Delivery,MA,72584.0,1079386,3342,29274.0,578050.0,207.0,12926.0,169415.0,12023.0
2011,20521.0,Wheeling Power Co,Bundled,WV,36698.0,451336,5707,72806.0,1378578.0,258.0,40609.0,438815.0,35134.0
2011,54913.0,NSTAR Electric Company,Bundled,MA,370946.0,2245937,108424,161076.0,1169343.0,1656.0,888179.0,5472221.0,796998.0
2011,54913.0,NSTAR Electric Company,Delivery,MA,206641.0,2537526,56139,506935.0,8754591.0,6908.0,117060.0,1323030.0,197376.0
2012,733.0,Appalachian Power Co,Bundled,WV,306850.0,3621542,66322,342643.0,5275550.0,2410.0,513537.0,5364795.0,368415.0
2012,1167.0,Baltimore Gas & Electric Co,Bundled,MD,335766.9,2912064,65950,15381.7,156606.0,3030.0,1222667.6,9273225.0,833783.0
2012,1167.0,Baltimore Gas & Electric Co,Delivery,MD,294761.4,13209185,53536,23270.0,1715854.0,2528.0,132157.0,3446136.0,282156.0
2012,1179.0,Bangor Hydro-Electric Co,Delivery,ME,44035.0,609417,17531,10680.0,299697.0,43.0,54872.0,603526.0,101489.0
2012,1764.0,Black Diamond Power Co,Bundled,WV,1976.0,17230,506,0.0,0.0,0.0,5357.0,39481.0,4493.0
2012,3249.0,Central Hudson Gas & Elec Corp,Bundled,NY,112251.1,900176,35638,7349.4,71566.0,789.0,292138.2,1800614.0,225159.0
2012,3249.0,Central Hudson Gas & Elec Corp,Delivery,NY,42344.9,1066013,9485,16392.2,986320.0,272.0,23116.7,248798.0,28250.0
2012,3266.0,Central Maine Power Co,Bundled,ME,25.7,233,6,0.0,0.0,0.0,15.5,105.0,30.0
2012,3266.0,Central Maine Power Co,Delivery,ME,131727.4,3176400,60357,50799.0,2224947.0,2576.0,245007.6,3532027.0,546411.0
2012,4226.0,Consolidated Edison Co-NY Inc,Bundled,NY,1961665.0,9788179,349340,19597.0,113525.0,97.0,2748928.0,10717525.0,2161397.0
2012,4226.0,Consolidated Edison Co-NY Inc,Delivery,NY,2587111.0,29604126,144982,55104.0,591180.0,666.0,578117.0,3619471.0,688186.0
2012,5027.0,Delmarva Power,Bundled,MD,52627.8,483011,15948,953.2,11648.0,116.0,232921.5,1754042.0,151614.0
2012,5027.0,Delmarva Power,Delivery,MD,32574.7,1242706,10077,5491.6,395204.0,124.0,14417.6,314015.0,21898.0
2012,6369.0,Fishers Island Utility Co Inc,Bundled,NY,524.0,1819,110,0.0,0.0,0.0,1638.0,3937.0,655.0
2012,6374.0,Fitchburg Gas & Elec Light Co,Bundled,MA,10280.8,55842,3246,455.0,2204.0,3.0,26021.9,142998.0,20940.0
2012,6374.0,Fitchburg Gas & Elec Light Co,Delivery,MA,5855.7,56090,981,10690.1,151126.0,27.0,3595.4,31777.0,3682.0
2012,11522.0,Maine Public Service Co,Delivery,ME,11146.0,186086,6063,2173.0,125192.0,14.0,13571.0,182207.0,30146.0
2012,11804.0,Massachusetts Electric Co,Bundled,MA,361836.5,2744559,114052,45426.0,376808.0,2695.0,1080807.4,7718156.0,1012559.0
2012,11804.0,Massachusetts Electric Co,Delivery,MA,321711.8,6522340,38467,119644.9,2836091.0,1546.0,61327.5,979429.0,112196.0
2012,12341.0,MidAmerican Energy Co,Energy,MD,23067.0,301938,866,37803.0,592196.0,22.0,0.0,0.0,0.0
2012,12796.0,Monongahela Power Co,Bundled,WV,229435.3,2766404,47566,265603.2,4155899.0,7758.0,364390.6,3573796.0,331583.0
2012,13206.0,Nantucket Electric Co,Bundled,MA,3919.0,28479,1299,2.2,13.0,3.0,13014.4,93807.0,11253.0
2012,13206.0,Nantucket Electric Co,Delivery,MA,1423.2,21549,180,53.0,955.0,1.0,60.9,844.0,77.0
2012,13511.0,New York State Elec & Gas Corp,Bundled,NY,143115.8,1522028,67874,20385.3,372349.0,796.0,518607.8,4847889.0,576672.0
2012,13511.0,New York State Elec & Gas Corp,Delivery,NY,140336.2,4220471,47984,40109.9,2533705.0,1414.0,90897.4,1748681.0,184793.0
2012,13573.0,Niagara Mohawk Power Corp.,Bundled,NY,345499.0,3232094,98886,160220.0,1514576.0,655.0,1166274.3,9036230.0,1174731.0
2012,13573.0,Niagara Mohawk Power Corp.,Delivery,NY,414700.4,9461328,70541,94455.7,3797323.0,1017.0,195259.1,2558665.0,286703.0
2012,14154.0,Orange & Rockland Utils Inc,Bundled,NY,73842.9,600631,17759,6580.2,113440.0,48.0,160886.5,954763.0,120892.0
2012,14154.0,Orange & Rockland Utils Inc,Delivery,NY,71087.9,1334740,13188,9234.5,301499.0,49.0,65076.7,710618.0,73344.0
2012,14711.0,Pennsylvania Electric Co,Bundled,NY,1314.4,14761,439,796.9,11084.0,10.0,3181.2,33474.0,3246.0
2012,14711.0,Pennsylvania Electric Co,Delivery,NY,5.3,160,4,0.0,0.0,0.0,23.9,614.0,67.0
2012,15263.0,The Potomac Edison Company,Bundled,MD,63520.1,666144,18755,18221.1,259499.0,1685.0,285504.7,2787798.0,199736.0
2012,15263.0,The Potomac Edison Company,Bundled,WV,70171.7,845054,16923,52003.8,803263.0,2017.0,164289.7,1698010.0,116936.0
2012,15263.0,The Potomac Edison Company,Delivery,MD,34249.7,1410592,9586,19584.0,1335855.0,1218.0,12516.8,347817.0,22328.0
2012,15270.0,Potomac Electric Power Co,Bundled,MD,161135.7,1576541,26765,640.1,9238.0,3.0,583994.4,4374267.0,378132.0
2012,15270.0,Potomac Electric Power Co,Delivery,MD,236951.1,6790610,20877,7634.7,384029.0,9.0,63270.6,1364905.0,107828.0
2012,16183.0,Rochester Gas & Electric Corp,Bundled,NY,67472.0,575652,20516,10401.0,111154.0,333.0,235207.0,1926700.0,245761.0
2012,16183.0,Rochester Gas & Electric Corp,Delivery,NY,137516.0,2606953,19047,49346.0,1249025.0,587.0,53142.0,761667.0,82820.0
2012,20455.0,Western Massachusetts Elec Co,Bundled,MA,54350.0,393191,17428,13148.0,116026.0,669.0,197657.0,1312714.0,172273.0
2012,20455.0,Western Massachusetts Elec Co,Delivery,MA,73081.0,1109778,3851,27058.0,546687.0,226.0,15837.0,205057.0,16738.0
2012,20521.0,Wheeling Power Co,Bundled,WV,39438.0,463845,5835,88259.0,1599758.0,268.0,42510.0,436183.0,35134.0
2012,54913.0,NSTAR Electric Company,Bundled,MA,340461.0,2155051,106387,140747.0,1457745.0,1793.0,876552.0,5288255.0,781310.0
2012,54913.0,NSTAR Electric Company,Delivery,MA,212345.0,2559413,59000,511727.0,8622258.0,7141.0,131485.0,1474736.0,217365.0
2013,733.0,Appalachian Power Co,Bundled,WV,305866.0,3650678,66330,325691.0,4918677.0,2386.0,529585.0,5616869,366586
2013,1167.0,Baltimore Gas & Electric Co,Bundled,MD,353019.0,2846423,63163,16194.0,154857.0,2854.0,1238466.0,8967015,790918
2013,1167.0,Baltimore Gas & Electric Co,Delivery,MD,332039.0,13213375,56294,24836.0,1184017.0,2614.0,165178.0,4109741,327851
2013,1179.0,Emera Maine,Delivery,ME,45315.0,611289,17505,10871.0,305451.0,45.0,57666.0,616743,101903
2013,1764.0,Black Diamond Power Co,Bundled,WV,2026.0,17000,512,0.0,0.0,0.0,5652.8,40388,4402
2013,3249.0,Central Hudson Gas & Elec Corp,Bundled,NY,112143.0,849055,34217,10900.1,101993.0,799.0,296747.3,1760152,217523
2013,3249.0,Central Hudson Gas & Elec Corp,Delivery,NY,45193.6,1117707,11044,13415.7,952871.0,272.0,30421.8,326875,36370
2013,3266.0,Central Maine Power Co,Bundled,ME,25.3,229,6,0.0,0.0,0.0,12.3,86,31
2013,3266.0,Central Maine Power Co,Delivery,ME,140950.9,3219227,60732,51653.1,2304382.0,2581.0,270602.8,3693917,547029
2013,4226.0,Consolidated Edison Co-NY Inc,Bundled,NY,2007977.0,9743737,341327,18104.0,98951.0,85.0,2773035.0,10273410,2113173
2013,4226.0,Consolidated Edison Co-NY Inc,Delivery,NY,2486327.0,29831961,152969,49498.0,579193.0,679.0,620158.0,3883598,746375
2013,5027.0,Delmarva Power,Bundled,MD,57737.2,457554,14567,1098.7,12256.0,110.0,241686.2,1727767,144959
2013,5027.0,Delmarva Power,Delivery,MD,39282.3,1265302,11596,5739.9,393473.0,129.0,21254.7,428831,29151
2013,6369.0,Fishers Island Utility Co Inc,Bundled,NY,458.0,1733,112,0.0,0.0,0.0,1433.0,4086,650
2013,6374.0,Fitchburg Gas & Elec Light Co,Bundled,MA,12409.1,65158,3298,641.3,3079.0,6.0,30143.5,158939,20246
2013,6374.0,Fitchburg Gas & Elec Light Co,Delivery,MA,5248.9,49757,958,11199.2,149522.0,20.0,2139.4,18619,2756
2013,11522.0,Maine Public Service Co,Delivery,ME,7615.0,101868,5901,6507.0,216341.0,192.0,13781.0,184455,30112
2013,11804.0,Massachusetts Electric Co,Bundled,MA,414172.0,2959503,117785,56228.0,420827.0,2707.0,1163049.0,7694224,983898
2013,11804.0,Massachusetts Electric Co,Delivery,MA,331036.5,6291517,36132,123837.2,2724324.0,1491.0,81928.5,1223827,145870
2013,12341.0,MidAmerican Energy Co,Energy,MD,23128.0,286902,946,18066.0,318834.0,20.0,31.0,411,25
2013,12796.0,Monongahela Power Co,Bundled,WV,217086.1,2752010,48210,265908.9,4452343.0,7650.0,349208.3,3604310,331037
2013,13206.0,Nantucket Electric Co,Bundled,MA,4127.2,27940,1314,60.6,489.0,3.0,14984.1,99801,11239
2013,13206.0,Nantucket Electric Co,Delivery,MA,1470.5,20994,196,24.5,443.0,1.0,122.1,1546,148
2013,13511.0,New York State Elec & Gas Corp,Bundled,NY,165617.0,1438211,69136,19322.3,323235.0,758.0,577900.7,4949765,574429
2013,13511.0,New York State Elec & Gas Corp,Delivery,NY,145946.1,4310118,48703,41286.0,2634005.0,1397.0,94041.3,1801854,187235
2013,13573.0,Niagara Mohawk Power Corp.,Bundled,NY,396685.5,3289630,97955,87922.0,1084851.0,630.0,1278130.5,9012097,1165012
2013,13573.0,Niagara Mohawk Power Corp.,Delivery,NY,375511.7,9316457,71720,149984.0,8551922.0,1026.0,203221.8,2702425,301568
2013,14154.0,Orange & Rockland Utils Inc,Bundled,NY,83459.5,571385,16935,7236.1,90127.0,47.0,180395.6,927165,117183
2013,14154.0,Orange & Rockland Utils Inc,Delivery,NY,75831.9,1356647,14154,9151.8,307406.0,43.0,71781.9,750477,78084
2013,14711.0,Pennsylvania Electric Co,Bundled,NY,1467.7,14279,417,860.9,9883.0,10.0,3421.9,30474,2897
2013,14711.0,Pennsylvania Electric Co,Delivery,NY,39.1,1054,29,0.0,0.0,0.0,169.3,3969,407
2013,15263.0,The Potomac Edison Company,Bundled,MD,68199.0,664586,18539,20102.3,250066.0,1625.0,272733.4,2775192,191678
2013,15263.0,The Potomac Edison Company,Bundled,WV,66317.3,857983,17009,48098.1,821305.0,1990.0,163659.3,1799494,117500
2013,15263.0,The Potomac Edison Company,Delivery,MD,35861.8,1428953,9880,20638.2,1373461.0,1234.0,17663.0,494444,32018
2013,15270.0,Potomac Electric Power Co,Bundled,MD,182909.9,1608916,26170,23.4,285.0,3.0,584086.7,4250927,361586
2013,15270.0,Potomac Electric Power Co,Delivery,MD,242117.2,6665699,21430,8280.2,393761.0,9.0,73237.0,1547324,124197
2013,16183.0,Rochester Gas & Electric Corp,Bundled,NY,78447.0,601602,20991,8299.0,70842.0,314.0,255740.0,1921297,246295
2013,16183.0,Rochester Gas & Electric Corp,Delivery,NY,125328.0,2542479,18639,43632.0,1253873.0,579.0,49381.0,764872,83885
2013,20455.0,Western Massachusetts Electric Company,Bundled,MA,58846.0,417820,17386,12298.0,95544.0,656.0,209805.0,1309046,169402
2013,20455.0,Western Massachusetts Electric Company,Delivery,MA,72917.0,1078425,3814,28920.0,547174.0,216.0,18827.0,235007,19899
2013,20521.0,Wheeling Power Co,Bundled,WV,38724.0,459217,5951,104232.0,1811401.0,271.0,41806.0,433163,35073
2013,54913.0,NSTAR Electric Company,Bundled,MA,360782.0,2168878,107808,167442.0,1122590.0,1834.0,919594.0,5230213,764238
2013,54913.0,NSTAR Electric Company,Delivery,MA,218536.0,2536338,58477,528180.0,8625528.0,2533.0,153112.0,1622848,238050
2014,733.0,Appalachian Power Co,Bundled,WV,298034.0,3637041,66313,304901.0,4826478.0,2374.0,527296.0,5721741,364704
2014,1167.0,Baltimore Gas & Electric Co,Bundled,MD,399082.0,3147168,64114,21617.0,195402.0,2939.0,1223991.0,8927905,801160
2014,1167.0,Baltimore Gas & Electric Co,Delivery,MD,344958.0,12840271,55155,25974.0,1109988.0,2584.0,180269.0,4046074,322791
2014,1179.0,Emera Maine,Delivery,ME,7975.0,104528,6375,6795.0,224427.0,188.0,14440.0,190259,29696
2014,1179.0,Emera Maine,Delivery,ME,48001.0,606162,17781,11449.0,291937.0,46.0,61321.0,615547,102028
2014,1764.0,Black Diamond Power Co,Bundled,WV,2015.3,17080,521,0.0,0.0,0.0,5548.5,39152,3830
2014,3249.0,Central Hudson Gas & Elec Corp,Bundled,NY,124552.7,801954,33384,10747.5,82543.0,763.0,316478.0,1684952,213187
2014,3249.0,Central Hudson Gas & Elec Corp,Delivery,NY,47149.1,1149441,11856,13156.3,940274.0,295.0,33069.1,361590,41162
2014,3266.0,Central Maine Power Co,Bundled,ME,28.7,236,7,0.0,0.0,0.0,16.7,112,32
2014,3266.0,Central Maine Power Co,Delivery,ME,139928.0,3186343,62110,53190.4,2465385.0,2644.0,278746.4,3683400,549484
2014,4226.0,Consolidated Edison Co-NY Inc,Bundled,NY,2167571.0,9783465,342181,20688.0,102499.0,93.0,2847226.0,9869409,2135972
2014,4226.0,Consolidated Edison Co-NY Inc,Delivery,NY,2483553.0,29809716,156644,46370.0,547902.0,675.0,600333.0,3698256,733909
2014,5027.0,Delmarva Power,Bundled,MD,56135.8,451707,15142,927.7,10314.0,98.0,252525.4,1745573,145753
2014,5027.0,Delmarva Power,Delivery,MD,39865.7,1265474,11283,6698.1,396231.0,132.0,22512.0,433632,29541
2014,6369.0,Fishers Island Utility Co Inc,Bundled,NY,494.0,1830,102,0.0,0.0,0.0,1510.0,4102,650
2014,6374.0,Fitchburg Gas & Elec Light Co,Bundled,MA,13372.9,64739,3306,2394.0,14245.0,5.0,29235.0,137320,20437
2014,6374.0,Fitchburg Gas & Elec Light Co,Delivery,MA,5166.0,48326,937,10979.6,149755.0,21.0,4778.9,38121,4393
2014,11804.0,Massachusetts Electric Co,Bundled,MA,463332.7,3013034,116427,63892.5,409068.0,2624.0,1235624.6,7180002,959140
2014,11804.0,Massachusetts Electric Co,Delivery,MA,327847.6,6192152,38345,121527.3,2730448.0,1519.0,92349.5,1358378,173131
2014,12341.0,MidAmerican Energy Co,Energy,MD,35215.7,455122,1715,21418.5,353054.0,27.0,124.8,1681,91
2014,12796.0,Monongahela Power Co,Bundled,WV,220651.5,2840690,49107,270407.5,4770611.0,7511.0,365473.6,3814821,331924
2014,13206.0,Nantucket Electric Co,Bundled,MA,5529.2,29628,1355,83.7,527.0,3.0,19209.0,100527,11287
2014,13206.0,Nantucket Electric Co,Delivery,MA,1874.7,22881,193,25.7,369.0,1.0,151.3,1644,156
2014,13511.0,New York State Elec & Gas Corp,Bundled,NY,184407.8,1413210,69443,16943.9,192298.0,725.0,652435.1,5015098,583185
2014,13511.0,New York State Elec & Gas Corp,Delivery,NY,145762.3,4201214,48422,42588.3,2712726.0,1377.0,87263.9,1718759,180404
2014,13573.0,Niagara Mohawk Power Corp.,Bundled,NY,429172.0,3220135,94509,88060.0,1017505.0,588.0,1412906.0,8914956,1164691
2014,13573.0,Niagara Mohawk Power Corp.,Delivery,NY,357144.7,9503774,74452,104698.1,8935504.0,1048.0,186699.2,2746542,306231
2014,14154.0,Orange & Rockland Utils Inc,Bundled,NY,90971.9,524143,16848,7306.4,65879.0,42.0,203891.0,877435,117671
2014,14154.0,Orange & Rockland Utils Inc,Delivery,NY,84761.2,1416724,14381,10881.8,350411.0,55.0,76756.9,748498,78179
2014,14711.0,Pennsylvania Electric Co,Bundled,NY,2026.2,18541,412,213.7,1776.0,2.0,3734.2,29557,2968
2014,14711.0,Pennsylvania Electric Co,Delivery,NY,56.3,1823,37,29.5,1361.0,1.0,136.4,3015,314
2014,15263.0,The Potomac Edison Company,Bundled,MD,73369.3,669012,18996,21341.0,222011.0,1553.0,280016.9,2810166,192527
2014,15263.0,The Potomac Edison Company,Bundled,WV,65104.5,878523,17227,44003.1,819469.0,1972.0,166633.5,1899961,118283
2014,15263.0,The Potomac Edison Company,Delivery,MD,35090.6,1414853,9764,19823.1,1368049.0,1250.0,18655.4,517121,33108
2014,15270.0,Potomac Electric Power Co,Bundled,MD,207275.7,1675381,26801,3307.0,40905.0,4.0,601628.7,4293846,369892
2014,15270.0,Potomac Electric Power Co,Delivery,MD,246347.8,6488847,21109,7226.2,322041.0,8.0,77036.3,1488509,121256
2014,16183.0,Rochester Gas & Electric Corp,Bundled,NY,82590.0,611565,21250,7463.0,61835.0,293.0,276848.0,1946739,253092
2014,16183.0,Rochester Gas & Electric Corp,Delivery,NY,105484.0,2564388,18759,34475.0,1239341.0,568.0,39379.0,706317,78275
2014,20455.0,Western Massachusetts Electric Company,Bundled,MA,68433.0,452114,17946,13028.2,99956.0,649.0,215136.1,1273017,169704
2014,20455.0,Western Massachusetts Electric Company,Delivery,MA,62660.8,1013476,3423,24183.0,526426.0,212.0,18539.3,220928,20397
2014,20521.0,Wheeling Power Co,Bundled,WV,36830.0,447849,6023,132428.0,2397038.0,271.0,40185.0,425005,35002
2014,54913.0,NSTAR Electric Company,Bundled,MA,563386.0,3531796,112265,30655.0,209195.0,1753.0,956496.0,5064032,765480
2014,54913.0,NSTAR Electric Company,Delivery,MA,598072.0,9476890,59837,58988.0,1081673.0,778.0,148436.0,1561091,241054
2015,733.0,Appalachian Power Co,Bundled,WV,303946.0,3552675,66288,288740.0,4510152.0,2322.0,538835.0,5356583,362339
2015,1167.0,Baltimore Gas & Electric Co,Bundled,MD,365802.0,2815602,66355,17603.0,150335.0,3096.0,1273616.0,8990790,838110
2015,1167.0,Baltimore Gas & Electric Co,Delivery,MD,360954.0,13316813,52856,28047.0,1127397.0,2521.0,175050.0,3607362,294824
2015,1179.0,Emera Maine,Bundled,ME,20371.5,100662,2498,1278.3,12231.0,17.0,26763.1,178168,8398
2015,1179.0,Emera Maine,Bundled,ME,55181.6,478479,14882,2693.2,25503.0,27.0,90363.5,570159,94960
2015,1179.0,Emera Maine,Delivery,ME,2.8,44,4378,4270.5,214384.0,181.0,393.8,6370,20579
2015,1179.0,Emera Maine,Delivery,ME,11162.7,131946,2955,11053.1,252307.0,21.0,4954.7,47131,7993
2015,1764.0,Black Diamond Power Co,Bundled,WV,1978.4,16343,508,0.0,0.0,0.0,4803.8,38367,3520
2015,3249.0,Central Hudson Gas & Elec Corp,Bundled,NY,107820.8,773716,33288,7438.0,68136.0,727.0,302576.6,1712057,213731
2015,3249.0,Central Hudson Gas & Elec Corp,Delivery,NY,50122.2,1208809,12324,15574.5,945589.0,316.0,34739.3,369009,42047
2015,3266.0,Central Maine Power Co,Bundled,ME,127951.6,1087365,43392,12750.7,139187.0,1647.0,410001.6,2805686,422530
2015,3266.0,Central Maine Power Co,Delivery,ME,91861.6,2128049,23662,47832.5,2171255.0,954.0,69203.6,883899,118821
2015,4226.0,Consolidated Edison Co-NY Inc,Bundled,NY,1971958.0,9584505,349478,14420.0,86327.0,81.0,2770915.0,10534126,2196201
2015,4226.0,Consolidated Edison Co-NY Inc,Delivery,NY,2568059.0,30204314,161479,41262.0,576199.0,679.0,573155.0,3601982,689832
2015,5027.0,Delmarva Power,Bundled,MD,58458.2,448067,16057,834.6,11618.0,102.0,268382.1,1810722,148147
2015,5027.0,Delmarva Power,Delivery,MD,48237.3,1272221,10521,8676.7,388234.0,121.0,21415.2,399727,27543
2015,6369.0,Fishers Island Utility Co Inc,Bundled,NY,476.0,1719,105,0.0,0.0,0.0,1690.0,4313,654
2015,6374.0,Fitchburg Gas & Elec Light Co,Bundled,MA,12525.7,56646,3135,1904.4,13819.0,4.0,30440.7,126618,19067
2015,6374.0,Fitchburg Gas & Elec Light Co,Delivery,MA,4730.9,56814,1112,6763.6,154090.0,22.0,5036.1,44388,5872
2015,11804.0,Massachusetts Electric Co,Bundled,MA,365809.2,2151514,100028,48646.6,269120.0,2175.0,1286359.2,6275494,864677
2015,11804.0,Massachusetts Electric Co,Delivery,MA,407652.9,7091327,56464,136524.3,2891608.0,1933.0,162041.5,2205304,282541
2015,12341.0,MidAmerican Energy Co,Energy,MD,46263.0,616284,2600,13464.6,190617.0,30.0,231.0,2966,151
2015,12796.0,Monongahela Power Co,Bundled,WV,246817.5,2837944,49844,300414.7,4971812.0,7384.0,378732.5,3660555,332142
2015,13206.0,Nantucket Electric Co,Bundled,MA,5872.2,27398,1318,4.0,17.0,3.0,22383.6,100676,10972
2015,13206.0,Nantucket Electric Co,Delivery,MA,2369.0,27383,261,74.0,1048.0,1.0,658.0,6679,567
2015,13511.0,New York State Elec & Gas Corp,Bundled,NY,155795.5,1364889,70993,12456.0,172847.0,682.0,619856.0,5167329,597341
2015,13511.0,New York State Elec & Gas Corp,Delivery,NY,156150.8,4452914,47146,47473.0,2852848.0,1266.0,87739.6,1594625,166909
2015,13573.0,Niagara Mohawk Power Corp.,Bundled,NY,320823.9,2945264,98408,59246.8,933232.0,569.0,1218686.6,9157873,1189904
2015,13573.0,Niagara Mohawk Power Corp.,Delivery,NY,369229.6,9770991,71998,105677.9,9062143.0,1054.0,184606.6,2561335,285904
2015,14154.0,Orange & Rockland Utils Inc,Bundled,NY,76660.9,501473,16322,4298.4,49246.0,42.0,190050.7,912853,121745
2015,14154.0,Orange & Rockland Utils Inc,Delivery,NY,89134.2,1475956,15099,10706.5,339114.0,54.0,79878.0,749686,75159
2015,14711.0,Pennsylvania Electric Co,Bundled,NY,1970.3,17559,390,39.7,448.0,1.0,3637.6,28708,3015
2015,14711.0,Pennsylvania Electric Co,Delivery,NY,128.4,3972,53,54.4,2120.0,1.0,100.6,2172,242
2015,15263.0,The Potomac Edison Company,Bundled,MD,67385.4,636385,19625,12918.3,143170.0,1463.0,298063.5,2862244,198868
2015,15263.0,The Potomac Edison Company,Bundled,WV,72785.6,875969,17446,51357.4,819621.0,1950.0,172643.0,1858040,119192
2015,15263.0,The Potomac Edison Company,Delivery,MD,35739.9,1479628,9437,20124.4,1499086.0,1296.0,15212.3,442167,29320
2015,15270.0,Potomac Electric Power Co,Bundled,MD,162470.7,1323138,27331,17.4,29.0,2.0,649214.9,4585254,392335
2015,15270.0,Potomac Electric Power Co,Delivery,MD,279734.8,6794419,20847,9180.7,384942.0,8.0,74698.5,1369929,104012
2015,16183.0,Rochester Gas & Electric Corp,Bundled,NY,66700.0,541850,21193,5028.0,47865.0,282.0,263524.0,2015852,261440
2015,16183.0,Rochester Gas & Electric Corp,Delivery,NY,131758.0,2607627,19022,46040.0,1248167.0,559.0,44633.0,647985,71316
2015,20455.0,Western Massachusetts Electric Company,Bundled,MA,62679.6,332955,15660,8432.4,53926.0,516.0,222937.9,1074587,147535
2015,20455.0,Western Massachusetts Electric Company,Delivery,MA,72542.2,1134438,5790,27006.9,567030.0,334.0,32859.5,390068,43120
2015,20521.0,Wheeling Power Co,Bundled,WV,39397.0,457000,6108,154129.0,2747829.0,275.0,44093.0,425826,35020
2015,54913.0,NSTAR Electric Company,Bundled,MA,508887.8,2848529,109348,26075.9,154259.0,797.0,1005041.0,4756208,767403
2015,54913.0,NSTAR Electric Company,Delivery,MA,624889.0,10271356,70747,58528.1,1093664.0,873.0,177987.0,1931270,296162
2016,733.0,Appalachian Power Co,Bundled,WV,321466.0,3547985,66274,275818.0,4140263.0,2273.0,616181.0,5267832,360500
2016,1167.0,Baltimore Gas & Electric Co,Bundled,MD,333602.0,2700728,65871,14828.0,134543.0,3097.0,1382465.2,9388094,862083
2016,1167.0,Baltimore Gas & Electric Co,Delivery,MD,382581.6,12999085,53582,28265.3,1156848.0,2572.0,171379.6,3351502,281787
2016,1179.0,Emera Maine,Bundled,ME,13546.1,91831,6828,4587.3,44645.0,125.0,26319.3,182201,28857
2016,1179.0,Emera Maine,Bundled,ME,53395.6,477846,15337,1049.4,7445.0,27.0,106391.7,564558,96368
2016,1179.0,Emera Maine,Delivery,ME,487.3,7494,303,3722.1,187518.0,78.0,11.3,182,54
2016,1179.0,Emera Maine,Delivery,ME,11518.6,130410,2862,10329.2,193272.0,24.0,4656.5,42984,7425
2016,1764.0,Black Diamond Power Co,Bundled,WV,2064.6,16140,490,0.0,0.0,0.0,4885.1,37048,3466
2016,3249.0,Central Hudson Gas & Elec Corp,Bundled,NY,97726.4,771166,34264,8113.6,83106.0,745.0,293925.7,1783747,226402
2016,3249.0,Central Hudson Gas & Elec Corp,Delivery,NY,48102.2,1177372,12206,12015.5,915693.0,304.0,32966.7,334147,39659
2016,3266.0,Central Maine Power Co,Bundled,ME,121628.1,1058593,44115,10117.6,117487.0,1679.0,420727.1,2877173,434783
2016,3266.0,Central Maine Power Co,Delivery,ME,102480.8,2128190,23094,52768.4,2069232.0,948.0,61405.6,753137,105716
2016,4226.0,Consolidated Edison Co-NY Inc,Bundled,NY,1802671.0,9423582,358352,10150.0,60862.0,69.0,2590405.0,10399796,2187429
2016,4226.0,Consolidated Edison Co-NY Inc,Delivery,NY,2597273.0,30081332,164550,47105.0,555764.0,693.0,607028.0,3821699,708600
2016,5027.0,Delmarva Power,Bundled,MD,54599.7,438611,15949,426.7,10385.0,82.0,259105.5,1736864,149916
2016,5027.0,Delmarva Power,Delivery,MD,53389.0,1275208,10799,9792.8,383170.0,122.0,22362.5,372866,26952
2016,6369.0,Fishers Island Utility Co Inc,Bundled,NY,438.0,1735,108,0.0,0.0,0.0,1410.0,4148,653
2016,6374.0,Fitchburg Gas & Elec Light Co,Bundled,MA,9262.0,48712,2998,986.3,7458.0,4.0,24985.7,113147,18143
2016,6374.0,Fitchburg Gas & Elec Light Co,Delivery,MA,5439.2,62586,1282,6946.9,152366.0,23.0,6267.9,51658,6932
2016,11804.0,Massachusetts Electric Co,Bundled,MA,213476.7,1560040,77503,26114.5,179973.0,1598.0,909747.0,4742974,678140
2016,11804.0,Massachusetts Electric Co,Delivery,MA,463658.4,7544797,78003,143329.8,2747053.0,2419.0,293102.7,3415457,456516
2016,12796.0,Monongahela Power Co,Bundled,WV,278322.1,2877802,50553,338507.8,4979621.0,7218.0,425060.5,3716539,331988
2016,13206.0,Nantucket Electric Co,Bundled,MA,4500.4,25109,1267,3.2,16.0,3.0,19539.5,97982,10849
2016,13206.0,Nantucket Electric Co,Delivery,MA,2211.0,28597,334,59.2,987.0,1.0,899.9,9003,810
2016,13511.0,New York State Elec & Gas Corp,Bundled,NY,146698.9,1416262,73348,10766.4,164122.0,700.0,589102.2,5123827,608584
2016,13511.0,New York State Elec & Gas Corp,Delivery,NY,162041.8,4362643,46882,53448.5,2872275.0,1280.0,91422.2,1494842,158370
2016,13573.0,Niagara Mohawk Power Corp.,Bundled,NY,295568.0,3113035,102502,48402.7,905678.0,560.0,1121997.5,9291884,1220352
2016,13573.0,Niagara Mohawk Power Corp.,Delivery,NY,361788.6,9470113,70240,105633.1,8806826.0,1045.0,169588.7,2308253,264515
2016,14154.0,Orange & Rockland Utils Inc,Bundled,NY,69347.0,517445,16542,4971.9,59245.0,45.0,188540.4,971947,128099
2016,14154.0,Orange & Rockland Utils Inc,Delivery,NY,89511.7,1479073,15168,11157.0,342523.0,56.0,79960.3,711285,70232
2016,14711.0,Pennsylvania Electric Co,Bundled,NY,1715.3,16138,373,0.4,2.0,1.0,3309.5,28004,3033
2016,14711.0,Pennsylvania Electric Co,Delivery,NY,202.0,5862,65,80.5,2791.0,1.0,99.1,1965,212
2016,15263.0,The Potomac Edison Company,Bundled,MD,62162.9,591931,19896,10631.1,116407.0,1453.0,314716.9,2865218,203231
2016,15263.0,The Potomac Edison Company,Bundled,WV,81906.7,869459,17694,59279.0,836612.0,1927.0,191783.5,1848895,120267
2016,15263.0,The Potomac Edison Company,Delivery,MD,43261.9,1525533,9495,24888.9,1486792.0,1270.0,14848.2,388727,27094
2016,15270.0,Potomac Electric Power Co,Bundled,MD,164361.0,1371316,27965,591.0,6948.0,3.0,673020.5,4599792,406698
2016,15270.0,Potomac Electric Power Co,Delivery,MD,304200.6,6869253,21029,8659.9,352375.0,9.0,74445.8,1272042,107146
2016,16183.0,Rochester Gas & Electric Corp,Bundled,NY,63448.9,537670,21958,4783.5,48688.0,300.0,273676.9,2152350,270864
2016,16183.0,Rochester Gas & Electric Corp,Delivery,NY,137270.1,2628783,18375,47569.1,1234486.0,529.0,43445.0,590117,63886
2016,20455.0,Western Massachusetts Electric Company,Bundled,MA,47029.3,307345,14742,5360.9,42690.0,464.0,186832.0,1019505,144130
2016,20455.0,Western Massachusetts Electric Company,Delivery,MA,73646.4,1171370,6898,27366.9,581033.0,376.0,38181.2,414032,47638
2016,20521.0,Wheeling Power Co,Bundled,WV,41342.0,457939,6165,171112.0,2905456.0,268.0,50099.0,417976,34834
2016,54913.0,NSTAR Electric Company,Bundled,MA,422111.3,2381892,89243,16752.0,115298.0,599.0,800541.0,3966354,629868
2016,54913.0,NSTAR Electric Company,Delivery,MA,770804.0,10542999,86891,68259.0,1060729.0,701.0,285727.0,2551986,395104
2017,733.0,Appalachian Power Co,Bundled,WV,313447.0,3380620,66352,291673.0,4325050,2243,574030.0,4855573,357387
2017,1167.0,Baltimore Gas & Electric Co,Bundled,MD,312166.2,2576385,65620,13790.7,125435,3103,1262877.3,8944070,872518
2017,1167.0,Baltimore Gas & Electric Co,Delivery,MD,388541.8,12743588,54299,29818.6,1155341,2622,165359.5,3149792,282879
2017,1179.0,Emera Maine,Bundled,ME,12541.6,89917,6582,3564.6,38706,117,25113.3,183789,28835
2017,1179.0,Emera Maine,Bundled,ME,55368.1,487196,15427,1702.1,14196,27,107149.9,568684,95627
2017,1179.0,Emera Maine,Delivery,ME,661.5,9509,370,3994.1,197167,85,11.2,169,53
2017,1179.0,Emera Maine,Delivery,ME,10626.7,116414,2851,9857.0,180925,23,5570.4,50268,8070
2017,1764.0,Black Diamond Power Co,Bundled,WV,1770.4,14918,481,0.0,0,0,4276.6,34680,3457
2017,3249.0,Central Hudson Gas & Elec Corp,Bundled,NY,102036.4,791884,34900,7348.9,70580,724,289358.5,1698369,222189
2017,3249.0,Central Hudson Gas & Elec Corp,Delivery,NY,46269.9,1142615,11158,10880.2,863448,291,29158.6,282034,35122
2017,3266.0,Central Maine Power Co,Bundled,ME,139699.4,1215361,46783,9506.0,103343,1821,455328.0,3018478,454387
2017,3266.0,Central Maine Power Co,Delivery,ME,100170.9,1906062,22021,55557.6,1960935,891,54942.6,652548,95168
2017,4226.0,Consolidated Edison Co-NY Inc,Bundled,NY,1823088.0,9242491,372504,10263.0,59755,67,2515021.0,9924143,2211235
2017,4226.0,Consolidated Edison Co-NY Inc,Delivery,NY,2573863.0,29515915,162548,45775.0,537399,700,588540.0,3645687,699045
2017,5027.0,Delmarva Power,Bundled,MD,54421.4,422205,16161,421.0,9016,72,246167.5,1693071,151215
2017,5027.0,Delmarva Power,Delivery,MD,60408.4,1249841,10808,9434.3,363380,115,24378.8,349782,26482
2017,6369.0,Fishers Island Utility Co Inc,Bundled,NY,490.4,1850,108,0.0,0,0,1652.0,4118,653
2017,6374.0,Fitchburg Gas and Electric Light Company,Bundled,MA,9501.0,48274,2974,996.2,7445,5,24683.2,107638,17568
2017,6374.0,Fitchburg Gas and Electric Light Company,Delivery,MA,5769.5,60543,1327,8070.4,155489,23,7194.6,56021,7731
2017,11804.0,Massachusetts Electric Co,Bundled,MA,203858.0,1556264,77590,35480.0,231696,1563,967954.0,4635858,675961
2017,11804.0,Massachusetts Electric Co,Delivery,MA,504054.0,7487367,80539,150576.0,2580341,2402,362925.0,3411555,469547
2017,12796.0,Monongahela Power Co,Bundled,WV,276971.9,2821062,51346,369926.6,5341867,7115,403233.0,3469690,332345
2017,13206.0,Nantucket Electric Co,Bundled,MA,1767.0,9065,452,3.0,15,2,5162.0,21271,3362
2017,13206.0,Nantucket Electric Co,Delivery,MA,4113.0,46791,1174,57.0,777,3,9778.0,77461,8399
2017,13511.0,New York State Elec & Gas Corp,Bundled,NY,153064.2,1490487,74565,9762.8,148908,687,615694.8,5160517,622558
2017,13511.0,New York State Elec & Gas Corp,Delivery,NY,150453.7,4278779,45768,46396.1,2827618,1235,91164.9,1405710,148970
2017,13573.0,Niagara Mohawk Power Corp.,Bundled,NY,305816.2,3141777,105040,52206.5,903342,556,1151528.4,9134205,1243100
2017,13573.0,Niagara Mohawk Power Corp.,Delivery,NY,369465.3,9346524,69264,115441.6,9054676,1036,159754.7,2113085,250597
2017,14154.0,Orange & Rockland Utils Inc,Bundled,NY,76163.2,519926,17103,4045.0,56337,50,207444.6,932635,132675
2017,14154.0,Orange & Rockland Utils Inc,Delivery,NY,86505.9,1408303,14860,11790.9,331776,55,71571.8,623557,66670
2017,14711.0,Pennsylvania Electric Co,Bundled,NY,1465.6,15479,363,0.0,0,0,2996.9,27856,3066
2017,14711.0,Pennsylvania Electric Co,Delivery,NY,214.2,6180,76,89.3,3034,1,80.6,1583,178
2017,15263.0,The Potomac Edison Co,Bundled,MD,60459.4,537576,19681,10493.3,111329,1414,303078.6,2744642,207561
2017,15263.0,The Potomac Edison Co,Bundled,WV,82564.9,828550,17967,58960.3,826479,1897,187488.1,1740862,121512
2017,15263.0,The Potomac Edison Co,Delivery,MD,45503.1,1533491,10045,25542.0,1503437,1281,14183.3,346794,25814
2017,15270.0,Potomac Electric Power Co,Bundled,MD,152169.1,1300740,27639,123.7,1495,3,626736.5,4273206,411877
2017,15270.0,Potomac Electric Power Co,Delivery,MD,308699.2,6606326,21501,8862.1,341998,9,76442.1,1165833,108327
2017,16183.0,Rochester Gas & Electric Corp,Bundled,NY,65505.7,534399,22538,4733.7,43418,294,288160.5,2132418,279183
2017,16183.0,Rochester Gas & Electric Corp,Delivery,NY,138471.0,2562836,18031,47226.6,1231107,510,40849.4,510841,57853
2017,20455.0,Western Massachusetts Electric Company,Bundled,MA,48790.3,305059,14296,3747.6,25519,433,189419.3,997932,144677
2017,20455.0,Western Massachusetts Electric Company,Delivery,MA,78134.7,1145710,7483,29502.7,564357,390,40780.8,402868,47932
2017,20521.0,Wheeling Power Co,Bundled,WV,41464.0,448726,6242,181023.0,3079211,267,47122.0,388827,34918
2017,54913.0,NSTAR Electric Company,Bundled,MA,370927.0,2183497,82538,19007.0,119679,493,739411.0,3515566,618193
2017,54913.0,NSTAR Electric Company,Delivery,MA,781105.0,10492171,93076,61709.0,981767,1034,300139.0,2804308,412129
2018,733.0,Appalachian Power Co,Bundled,WV,302792.0,3447096,66502,272413.0,4271360,2324,603512.0,5396334,355074
2018,1167.0,Baltimore Gas & Electric Co,Bundled,MD,307383.6,2662310,66817,13488.5,125686,3188,1221408.9,9674746,883154
2018,1167.0,Baltimore Gas & Electric Co,Delivery,MD,363943.9,13038747,53665,27874.8,1169998,2611,152809.6,3273662,281493
2018,1179.0,Emera Maine,Bundled,ME,12884.3,81448,6825,4163.9,42375,118,27225.0,187566,28813
2018,1179.0,Emera Maine,Bundled,ME,56994.8,493972,15705,3573.0,23196,27,116286.7,585299,96345
2018,1179.0,Emera Maine,Delivery,ME,661.7,8446,376,4020.6,198203,83,10.0,145,36
2018,1179.0,Emera Maine,Delivery,ME,9924.5,111785,2775,8548.8,170234,21,5454.9,50551,7998
2018,1764.0,Black Diamond Power Co,Bundled,WV,1845.8,15580,487,0.0,0,0,4869.3,38393,3441
2018,3249.0,Central Hudson Gas & Elec Corp,Bundled,NY,118026.0,842608,36284,8017.0,72052,766,351116.0,1889082,227332
2018,3249.0,Central Hudson Gas & Elec Corp,Delivery,NY,46867.0,1155809,10372,10728.0,844869,275,30861.0,276805,31996
2018,3266.0,Central Maine Power Co,Bundled,ME,186712.2,1340018,45356,16436.9,110148,1820,529236.3,3274839,468410
2018,3266.0,Central Maine Power Co,Delivery,ME,94042.0,2311468,19559,64073.9,2227113,863,49650.9,601248,82564
2018,4226.0,Consolidated Edison Co-NY Inc,Bundled,NY,1852024.0,9597866,386512,9522.0,56964,59,2845775.0,10796886,2315745
2018,4226.0,Consolidated Edison Co-NY Inc,Delivery,NY,2524060.0,29808103,161119,43393.0,515480,694,582709.0,3467006,618530
2018,5027.0,Delmarva Power,Bundled,MD,61834.9,438143,16380,504.5,9884,71,276209.7,1874231,153742
2018,5027.0,Delmarva Power,Delivery,MD,53735.9,1248914,10828,9138.4,364533,112,23013.1,345086,24715
2018,6369.0,Fishers Island Utility Co Inc,Bundled,NY,525.0,2075,116,0.0,0,0,1421.0,4367,646
2018,6374.0,Fitchburg Gas & Elec Light Co,Bundled,MA,9810.8,46662,3018,1497.1,9224,6,27558.7,111305,17451
2018,6374.0,Fitchburg Gas & Elec Light Co,Delivery,MA,5765.8,60269,1321,8634.1,160137,24,8254.4,63621,8081
2018,11804.0,Massachusetts Electric Co,Bundled,MA,224450.3,1609109,77230,38272.2,223676,1460,1076116.6,4657704,668175
2018,11804.0,Massachusetts Electric Co,Delivery,MA,465583.2,7365402,82425,141585.8,2462305,2454,394573.5,3643649,485916
2018,12796.0,Monongahela Power Co,Bundled,WV,282024.0,2927552,51552,375511.3,5581844,7025,430457.5,3783332,333324
2018,13206.0,Nantucket Electric Co,Bundled,MA,543.3,2474,180,6.8,30,1,2228.9,9272,1073
2018,13206.0,Nantucket Electric Co,Delivery,MA,4694.3,54550,1452,48.5,660,3,13030.9,105221,10870
2018,13511.0,New York State Elec & Gas Corp,Bundled,NY,171416.8,1539719,75867,9500.6,101759,653,706009.5,5636726,642348
2018,13511.0,New York State Elec & Gas Corp,Delivery,NY,151403.8,4325920,44946,44888.2,2735136,1199,88578.4,1336530,133673
2018,13573.0,Niagara Mohawk Power Corp.,Bundled,NY,338882.1,3393251,107628,59007.7,916783,560,1253165.2,9952519,1269781
2018,13573.0,Niagara Mohawk Power Corp.,Delivery,NY,332848.2,9391153,68421,106069.9,9518591,1026,151732.5,2116344,231640
2018,14154.0,Orange & Rockland Utils Inc,Bundled,NY,76675.7,561498,17760,4666.7,59979,48,214873.5,1046687,140570
2018,14154.0,Orange & Rockland Utils Inc,Delivery,NY,87713.8,1434168,14523,11486.1,318148,57,74019.6,621376,60588
2018,14711.0,Pennsylvania Electric Co,Bundled,NY,1594.5,17515,380,0.0,0,0,3171.7,30091,3144
2018,14711.0,Pennsylvania Electric Co,Delivery,NY,202.2,6154,86,85.8,3382,1,77.1,1553,167
2018,15263.0,The Potomac Edison Company,Bundled,MD,62312.0,572008,19810,11009.4,114520,1330,324714.3,2998485,210562
2018,15263.0,The Potomac Edison Company,Bundled,WV,82549.5,859481,18062,63392.2,876541,1890,200628.1,1931479,122889
2018,15263.0,The Potomac Edison Company,Delivery,MD,43927.1,1563881,10272,23539.2,1560809,1346,14304.1,359617,25510
2018,15270.0,Potomac Electric Power Co,Bundled,MD,156130.6,1333589,27788,113.1,390,3,682492.6,4657079,414870
2018,15270.0,Potomac Electric Power Co,Delivery,MD,317474.5,6724211,21542,8029.1,328847,9,82566.7,1186448,110710
2018,16183.0,Rochester Gas & Electric Corp,Bundled,NY,76188.2,578545,22898,4869.8,37283,289,328709.9,2351870,290274
2018,16183.0,Rochester Gas & Electric Corp,Delivery,NY,147314.3,2588611,17727,48362.3,1193350,487,39258.0,469678,49651
2018,20521.0,Wheeling Power Co,Bundled,WV,42123.0,465016,6328,195678.0,3450667,269,51556.0,435342,35002
2018,54913.0,NSTAR Electric Company,Bundled,MA,535412.0,2269434,76173,26493.0,139113,827,931723.0,4040145,620731
2018,54913.0,NSTAR Electric Company,Delivery,MA,854218.0,11860252,119096,98402.0,1548858,1454,451827.0,4141582,609785
2019,733.0,Appalachian Power Co,Bundled,WV,306914.0,3329554,66276,279231.0,4352190.0,2290.0,592670.0,5059375,353017
2019,1167.0,Baltimore Gas & Electric Co,Bundled,MD,314020.7,2757009,67472,14077.1,137638.0,3252.0,1177594.2,9612034,894919
2019,1167.0,Baltimore Gas & Electric Co,Delivery,MD,360637.5,12641023,53271,28129.2,1145830.0,2615.0,151833.5,3100521,277887
2019,1179.0,Versant Power,Bundled,ME,14187.8,89731,6619,3963.6,36803.0,112.0,29769.9,192531,28725
2019,1179.0,Versant Power,Bundled,ME,54362.1,467863,15654,5356.7,56207.0,28.0,118971.9,578915,96962
2019,1179.0,Versant Power,Delivery,ME,703.0,9496,382,4609.3,194811.0,86.0,6.8,96,17
2019,1179.0,Versant Power,Delivery,ME,10569.4,123919,2991,7293.9,178185.0,23.0,5182.1,49657,7930
2019,1764.0,Black Diamond Power Co,Bundled,WV,1794.0,14796,484,0.0,0.0,0.0,4652.0,36317,3472
2019,3249.0,Central Hudson Gas & Elec Corp,Bundled,NY,101772.0,782433,35776,7157.0,70809.0,749.0,299521.0,1742232,222451
2019,3249.0,Central Hudson Gas & Elec Corp,Delivery,NY,50217.0,1170570,11350,11587.0,826367.0,292.0,36040.0,316146,38645
2019,3266.0,Central Maine Power Co,Bundled,ME,188073.7,1253378,47340,16656.1,108513.0,1635.0,571740.5,3300764,484082
2019,3266.0,Central Maine Power Co,Delivery,ME,90348.5,2106534,21281,55327.5,1934519.0,860.0,41632.6,500964,67430
2019,4226.0,Consolidated Edison Co-NY Inc,Bundled,NY,1855439.0,9921902,400615,9310.0,63333.0,52.0,2679910.0,10593517,2372477
2019,4226.0,Consolidated Edison Co-NY Inc,Delivery,NY,2403235.0,28496511,157612,34806.0,445688.0,691.0,530805.0,3177105,587472
2019,5027.0,Delmarva Power,Bundled,MD,58771.7,427783,16297,745.7,9427.0,68.0,264479.4,1837555,156528
2019,5027.0,Delmarva Power,Delivery,MD,54784.1,1242271,11174,8413.8,359855.0,109.0,20956.2,300039,22883
2019,6369.0,Fishers Island Utility Co Inc,Bundled,NY,516.0,1905,116,0.0,0.0,0.0,1352.0,4250,646
2019,6374.0,Fitchburg Gas & Elec Light Co,Bundled,MA,9416.3,43005,3059,1661.8,11706.0,5.0,26796.2,107143,17969
2019,6374.0,Fitchburg Gas & Elec Light Co,Delivery,MA,5475.6,55424,1315,8767.6,158660.0,26.0,7575.0,57180,7645
2019,11804.0,Massachusetts Electric Co,Bundled,MA,215976.0,1571440,78055,33869.2,184862.0,1465.0,1045765.5,4388013,670255
2019,11804.0,Massachusetts Electric Co,Delivery,MA,454805.2,7222860,82754,137233.3,2335166.0,2386.0,389263.0,3460365,487759
2019,12796.0,Monongahela Power Co,Bundled,WV,261189.1,2891878,52286,347627.8,5777679.0,6925.0,401697.8,3655636,332786
2019,13206.0,Nantucket Electric Co,Bundled,MA,471.7,2235,192,6.8,28.0,1.0,2694.4,10875,1218
2019,13206.0,Nantucket Electric Co,Delivery,MA,4875.6,55216,1462,49.4,642.0,3.0,13206.7,102904,10827
2019,13511.0,New York State Elec & Gas Corp,Bundled,NY,154132.9,1601694,78268,7585.4,102273.0,608.0,636293.0,5588259,649945
2019,13511.0,New York State Elec & Gas Corp,Delivery,NY,150891.3,4309709,44287,46185.2,2668116.0,1182.0,82058.8,1205151,128303
2019,13573.0,Niagara Mohawk Power Corp.,Bundled,NY,302206.1,3439286,110404,52359.5,1046711.0,560.0,1208157.7,9632256,1285489
2019,13573.0,Niagara Mohawk Power Corp.,Delivery,NY,355042.4,9054274,67190,112059.8,8865348.0,1022.0,149421.2,1942767,222218
2019,14154.0,Orange & Rockland Utils Inc,Bundled,NY,74047.9,556856,18108,2816.0,51685.0,53.0,201414.8,1037927,141580
2019,14154.0,Orange & Rockland Utils Inc,Delivery,NY,86150.6,1403083,14338,11629.6,325008.0,58.0,68630.5,577965,61498
2019,14711.0,Pennsylvania Electric Co,Bundled,NY,1618.2,18701,416,0.0,0.0,0.0,3109.8,29505,3208
2019,14711.0,Pennsylvania Electric Co,Delivery,NY,198.2,6300,82,79.2,3738.0,1.0,70.9,1471,161
2019,15263.0,The Potomac Edison Company,Bundled,MD,59290.4,557286,19895,9184.1,101483.0,1208.0,303214.8,2949292,212624
2019,15263.0,The Potomac Edison Company,Bundled,WV,75727.8,834216,18292,59054.0,956348.0,1878.0,191832.6,1907937,124233
2019,15263.0,The Potomac Edison Company,Delivery,MD,41893.0,1531654,10470,22146.0,1441624.0,1447.0,13323.1,361742,26588
2019,15270.0,Potomac Electric Power Co,Bundled,MD,156908.7,1342148,28952,1321.1,14619.0,3.0,671824.6,4568893,427744
2019,15270.0,Potomac Electric Power Co,Delivery,MD,297932.2,6408194,21122,6060.5,292872.0,9.0,77915.8,1111817,102796
2019,16183.0,Rochester Gas & Electric Corp,Bundled,NY,72387.7,634628,23505,4622.8,42492.0,279.0,294696.2,2293322,296612
2019,16183.0,Rochester Gas & Electric Corp,Delivery,NY,137140.9,2529151,17631,44231.0,1165160.0,468.0,33384.5,405812,45046
2019,20521.0,Wheeling Power Co,Bundled,WV,39143.0,427316,6298,189240.0,3440197.0,378.0,49892.0,406751,34882
2019,54913.0,NSTAR Electric Company,Bundled,MA,546464.0,2487852,74812,27039.0,135319.0,770.0,872471.0,3872821,620676
2019,54913.0,NSTAR Electric Company,Delivery,MA,793435.0,11301757,120749,88251.0,1381648.0,1447.0,445186.0,3935335,619208
2020,733.0,Appalachian Power Co,Bundled,WV,292716.0,3078799,66462,261608.0,3915282,2248,621183.0,4887948,354340
2020,1167.0,Baltimore Gas & Electric Co,Bundled,MD,288494.6,2485487,68327,12172.8,109921,3322,1185560.2,9787118,916333
2020,1167.0,Baltimore Gas & Electric Co,Delivery,MD,353794.8,11679680,52654,25795.5,1015795,2595,151236.5,2957731,268986
2020,1179.0,Versant Power,Bundled,ME,12478.1,84640,6641,4038.7,40501,124,28036.6,190642,28748
2020,1179.0,Versant Power,Bundled,ME,35861.4,293708,15636,5209.0,58609,27,107726.6,586724,98080
2020,1179.0,Versant Power,Delivery,ME,593.8,7460,358,6153.7,186396,89,4.4,57,14
2020,1179.0,Versant Power,Delivery,ME,21236.5,262613,3331,7205.4,169087,26,5227.1,52270,7681
2020,1764.0,Black Diamond Power Co,Bundled,WV,1597.0,12711,534,0.0,0,0,4600.0,34636,3873
2020,3249.0,Central Hudson Gas & Elec Corp,Bundled,NY,97589.0,737659,32912,6929.0,69771,690,312226.0,1776665,211342
2020,3249.0,Central Hudson Gas & Elec Corp,Delivery,NY,55115.0,1072472,14442,15948.0,819500,318,52842.0,437395,52080
2020,3266.0,Central Maine Power Co,Bundled,ME,154846.0,1122468,48251,12721.0,92530,1432,561478.6,3456941,495573
2020,3266.0,Central Maine Power Co,Delivery,ME,92965.2,1954211,17706,56459.0,1818585,830,39702.0,442729,61494
2020,4226.0,Consolidated Edison Co-NY Inc,Bundled,NY,1891211.0,9382313,425378,8223.0,52790,46,2904629.0,11107429,2402283
2020,4226.0,Consolidated Edison Co-NY Inc,Delivery,NY,2354951.0,25486538,149972,32123.0,372331,676,538058.0,3072034,538931
2020,5027.0,Delmarva Power,Bundled,MD,52707.3,388493,16629,283.3,9215,69,267580.3,1823919,159073
2020,5027.0,Delmarva Power,Delivery,MD,51816.3,1159964,11016,8642.0,357923,104,19613.6,274005,21714
2020,6369.0,Fishers Island Utility Co Inc,Bundled,NY,442.7,1730,115,0.0,0,0,1497.0,4945,646
2020,6374.0,Fitchburg Gas & Elec Light Co,Bundled,MA,8300.3,38259,3076,978.5,7361,4,28944.5,117023,18431
2020,6374.0,Fitchburg Gas & Elec Light Co,Delivery,MA,5654.1,55318,1339,8879.0,159784,25,7967.0,57554,7275
2020,11804.0,Massachusetts Electric Co,Bundled,MA,150347.3,1306087,68644,24699.2,145406,1280,1022552.9,4243441,619778
2020,11804.0,Massachusetts Electric Co,Delivery,MA,480800.3,6970342,91871,144921.9,2300014,2494,491748.9,4013967,547895
2020,12796.0,Monongahela Power Co,Bundled,WV,245740.5,2648838,53107,349742.3,5816469,6836,405268.4,3626669,333844
2020,13206.0,Nantucket Electric Co,Bundled,MA,698.4,3528,284,6.5,29,1,4855.5,19808,2006
2020,13206.0,Nantucket Electric Co,Delivery,MA,4587.5,48439,1360,42.5,550,3,13433.6,98972,10056
2020,13511.0,New York State Elec & Gas Corp,Bundled,NY,145404.7,1504888,78979,7879.0,105418,590,671179.9,5841290,656837
2020,13511.0,New York State Elec & Gas Corp,Delivery,NY,141915.5,3915762,44260,47110.1,2608127,1138,83848.3,1184108,125533
2020,13573.0,Niagara Mohawk Power Corp.,Bundled,NY,287242.2,3339925,112928,46599.9,941761,568,1302047.7,10300885,1307935
2020,13573.0,Niagara Mohawk Power Corp.,Delivery,NY,366116.1,8424635,66147,118875.3,8408447,1012,157532.0,1884553,206712
2020,14154.0,Orange & Rockland Utils Inc,Bundled,NY,80878.5,590858,18170,2275.9,52674,43,205090.6,1099432,142401
2020,14154.0,Orange & Rockland Utils Inc,Delivery,NY,80276.6,1232128,14384,10608.2,295919,61,69606.2,569179,61576
2020,14711.0,Pennsylvania Electric Co,Bundled,NY,1517.0,18456,429,18.4,301,1,3162.0,31083,3250
2020,14711.0,Pennsylvania Electric Co,Delivery,NY,158.9,5324,65,72.8,3280,1,63.4,1316,138
2020,15263.0,The Potomac Edison Company,Bundled,MD,56244.0,502646,19914,8029.7,79611,1097,310361.7,2893084,215233
2020,15263.0,The Potomac Edison Company,Bundled,WV,69149.5,761210,18644,55759.6,942043,1864,187147.6,1841048,126158
2020,15263.0,The Potomac Edison Company,Delivery,MD,44123.6,1398438,10774,27843.7,1318070,1538,14846.1,362396,27911
2020,15270.0,Potomac Electric Power Co,Bundled,MD,137907.1,1251635,29065,655.3,8514,2,666635.1,4562335,436852
2020,15270.0,Potomac Electric Power Co,Delivery,MD,265524.1,5776173,20755,5951.7,280212,9,73879.4,1021515,97887
2020,16183.0,Rochester Gas & Electric Corp,Bundled,NY,68637.7,630634,23411,4259.9,42517,276,311999.8,2474727,302686
2020,16183.0,Rochester Gas & Electric Corp,Delivery,NY,122198.0,2306756,17521,38886.5,1064196,457,30677.9,390840,41523
2020,20521.0,Wheeling Power Co,Bundled,WV,37004.0,390574,6360,200813.0,3569208,405,52702.0,402261,34950
2020,54913.0,NSTAR Electric Company,Bundled,MA,336060.0,1832727,69149,20560.0,91086,771,856721.0,3826408,599660
2020,54913.0,NSTAR Electric Company,Delivery,MA,735627.0,10710381,127566,85172.0,1474132,1492,491533.0,4409444,646426
2021,733.0,Appalachian Power Co,Bundled,WV,312202.0,3107415,66639,276134.0,3864980,2246,682191.0,4961170,353652
2021,1167.0,Baltimore Gas & Electric Co,Bundled,MD,343897.8,2786724,71116,14747.3,123282,3475,1237491.2,10065408,933919
2021,1167.0,Baltimore Gas & Electric Co,Delivery,MD,358311.5,11958184,50471,25920.5,1104777,2497,141548.4,2842569,259324
2021,1179.0,Versant Power,Bundled,ME,13382.8,82784,7031,4394.3,43155,132,30497.1,188931,28823
2021,1179.0,Versant Power,Bundled,ME,32428.7,242182,15834,4285.1,34888,26,112521.3,620062,98168
2021,1179.0,Versant Power,Delivery,ME,682.4,6654,367,7261.0,171437,85,5.6,57,14
2021,1179.0,Versant Power,Delivery,ME,29509.3,334168,3424,8206.1,176168,30,6484.5,59309,8652
2021,1764.0,Black Diamond Power Co,Bundled,WV,1764.0,13661,479,0.0,0,0,4895.0,35789,3483
2021,3249.0,Central Hudson Gas & Elec Corp,Bundled,NY,118638.4,769738,33370,8254.5,66720,612,338949.5,1829227,215501
2021,3249.0,Central Hudson Gas & Elec Corp,Delivery,NY,53993.0,1050515,13380,14300.0,804653,272,44269.0,380428,44690
2021,3266.0,Central Maine Power Co,Bundled,ME,159890.0,1181357,49671,12698.0,99516,1278,593980.0,3608474,503190
2021,3266.0,Central Maine Power Co,Delivery,ME,105628.0,2011540,16313,63633.0,1826094,798,40453.0,404700,56996
2021,4226.0,Consolidated Edison Co-NY Inc,Bundled,NY,2188494.0,9313179,447828,9742.0,51643,43,3099816.0,11344135,2482139
2021,4226.0,Consolidated Edison Co-NY Inc,Delivery,NY,2690836.0,25505104,141285,35298.0,335284,685,455180.0,2624602,458590
2021,5027.0,Delmarva Power,Bundled,MD,57933.0,411754,17013,799.8,9589,63,295933.5,1932708,161417
2021,5027.0,Delmarva Power,Delivery,MD,57688.4,1198901,10860,8935.9,335718,99,19678.1,267001,20509
2021,6369.0,Fishers Island Utility Co Inc,Bundled,NY,447.0,1897,115,0.0,0,0,1869.0,5266,646
2021,6374.0,Fitchburg Gas & Elec Light Co,Bundled,MA,8428.4,36390,3117,3030.0,17708,7,30276.8,119064,18818
2021,6374.0,Fitchburg Gas & Elec Light Co,Delivery,MA,6701.5,57910,1335,10190.1,163616,23,8311.0,55600,7160
2021,11804.0,Massachusetts Electric Co,Bundled,MA,150027.2,1264561,65163,25507.5,143836,1172,995684.9,3995015,597759
2021,11804.0,Massachusetts Electric Co,Delivery,MA,556757.0,7136099,95036,165033.3,2328532,2523,565313.5,4219096,583153
2021,12796.0,Monongahela Power Co,Bundled,WV,244721.5,2763157,53988,328986.9,5850559,6741,393336.9,3653781,334332
2021,13206.0,Nantucket Electric Co,Bundled,MA,832.5,3930,254,27.3,120,1,4462.1,17529,1822
2021,13206.0,Nantucket Electric Co,Delivery,MA,5505.1,51139,1459,43.3,531,3,15732.8,106466,10487
2021,13511.0,New York State Elec & Gas Corp,Bundled,NY,193155.7,1621703,82179,10687.1,112171,576,784144.1,6074761,678499
2021,13511.0,New York State Elec & Gas Corp,Delivery,NY,145320.9,3911891,42769,42819.1,2602013,1097,75354.6,1037102,108511
2021,13573.0,Niagara Mohawk Power Corp.,Bundled,NY,403767.0,3703277,117461,63187.6,958656,582,1565320.1,10510294,1341789
2021,13573.0,Niagara Mohawk Power Corp.,Delivery,NY,377887.9,8418127,63752,120379.7,8686154,988,142372.7,1655718,181452
2021,14154.0,Orange & Rockland Utils Inc,Bundled,NY,73429.2,612255,16428,3571.1,61889,36,212116.3,1068653,134506
2021,14154.0,Orange & Rockland Utils Inc,Delivery,NY,100737.6,1331136,16453,11427.4,294776,63,85122.8,677102,71313
2021,14711.0,Pennsylvania Electric Co,Bundled,NY,1659.4,19167,435,0.0,0,0,3238.3,30775,3276
2021,14711.0,Pennsylvania Electric Co,Delivery,NY,184.4,6584,61,49.7,2081,1,56.4,1181,121
2021,15263.0,The Potomac Edison Company,Bundled,MD,69120.2,573393,20482,8227.9,73403,1101,328369.0,2991413,221318
2021,15263.0,The Potomac Edison Company,Bundled,WV,73022.8,812242,19033,56175.2,986777,1853,191792.9,1913199,128028
2021,15263.0,The Potomac Edison Company,Delivery,MD,50400.5,1445115,10560,29820.9,1334653,1517,14112.5,332997,25831
2021,15270.0,Potomac Electric Power Co,Bundled,MD,158765.6,1362860,29963,105.2,2000,3,665232.5,4757195,445521
2021,15270.0,Potomac Electric Power Co,Delivery,MD,282392.4,5808883,19800,6530.7,273239,8,71620.6,1001569,93860
2021,16183.0,Rochester Gas & Electric Corp,Bundled,NY,86949.2,698272,22330,4846.1,37876,260,324748.5,2398911,287962
2021,16183.0,Rochester Gas & Electric Corp,Delivery,NY,124765.7,2310869,18818,37856.0,1060772,455,40707.0,476630,58862
2021,20521.0,Wheeling Power Co,Bundled,WV,39556.0,392830,6386,223197.0,3868412,410,57101.0,398800,34889
2021,54913.0,NSTAR Electric Company,Bundled,MA,266362.0,1367189,58957,22111.0,105281,709,701915.0,2894012,451661
2021,54913.0,NSTAR Electric Company,Delivery,MA,902965.0,11413757,159597,97018.0,1497289,1537,651305.0,5277656,803467
2022,733.0,Appalachian Power Co,Bundled,WV,351926.0,3146193,66869,294300.0,3784298,2213,751225.0,4907186,351800
2022,1167.0,Baltimore Gas & Electric Co,Bundled,MD,505787.3,3012620,74283,22568.2,137506,3638,1423637.1,10474761,965223
2022,1167.0,Baltimore Gas & Electric Co,Delivery,MD,360227.3,11681141,48213,27700.1,1174442,2399,137485.7,2549008,235279
2022,1179.0,Versant Power,Bundled,ME,24898.0,134484,7164,1609.4,28706,10,40693.5,205301,28887
2022,1179.0,Versant Power,Bundled,ME,52649.0,353642,16422,4245.2,34817,29,154682.5,632271,100546
2022,1179.0,Versant Power,Delivery,ME,3362.0,40270,340,4038.3,172598,6,4.0,43,10
2022,1179.0,Versant Power,Delivery,ME,20835.4,221586,3314,8678.1,195516,28,5738.1,49455,7042
2022,1764.0,Black Diamond Power Co,Bundled,WV,1854.5,14394,459,0.0,0,0,4554.7,34512,3469
2022,3249.0,Central Hudson Gas & Elec Corp,Bundled,NY,171489.0,874245,37720,10853.0,65913,749,472571.0,2122918,233720
2022,3249.0,Central Hudson Gas & Elec Corp,Delivery,NY,47951.0,1041823,12121,12137.0,891883,263,42507.0,338158,37513
2022,3266.0,Central Maine Power Co,Bundled,ME,236033.0,1226990,52046,18205.0,93090,1161,815128.0,3643493,512210
2022,3266.0,Central Maine Power Co,Delivery,ME,113139.0,2046251,21205,68625.0,1896114,770,39911.0,364456,52962
2022,4226.0,Consolidated Edison Co-NY Inc,Bundled,NY,2760387.0,10600509,459703,13590.0,60509,50,3415630.0,11875490,2609391
2022,4226.0,Consolidated Edison Co-NY Inc,Delivery,NY,2688140.0,25684232,127090,34624.0,330677,669,394602.0,2186324,396933
2022,5027.0,Delmarva Power,Bundled,MD,82701.3,444826,17538,1311.5,9958,57,314614.2,1970953,164904
2022,5027.0,Delmarva Power,Delivery,MD,63064.8,1224441,10596,9916.8,339143,94,18202.7,232955,18478
2022,6369.0,Fishers Island Utility Co Inc,Bundled,NY,454.2,2049,115,0.0,0,0,1825.1,4763,646
2022,6374.0,Fitchburg Gas & Elec Light Co,Bundled,MA,10240.7,35882,3098,3586.1,17144,5,34761.8,116212,18525
2022,6374.0,Fitchburg Gas & Elec Light Co,Delivery,MA,7651.3,59302,1397,10859.8,163295,24,8995.2,56128,7531
2022,11804.0,Massachusetts Electric Co,Bundled,MA,209868.0,1409079,66685,36248.5,151323,1180,1143647.4,4008052,611277
2022,11804.0,Massachusetts Electric Co,Delivery,MA,536247.6,7112523,92744,164890.3,2263201,2403,553891.3,4124774,579581
2022,12796.0,Monongahela Power Co,Bundled,WV,274143.8,2844701,54809,363026.0,5745115,6649,428034.6,3700797,334385
2022,13206.0,Nantucket Electric Co,Bundled,MA,877.9,3352,262,29.8,108,1,5502.4,18578,2033
2022,13206.0,Nantucket Electric Co,Delivery,MA,5759.8,54127,1452,61.1,693,3,15525.5,104671,10415
2022,13511.0,New York State Elec & Gas Corp,Bundled,NY,261263.6,1699440,85380,13947.0,108707,578,971307.4,6188500,700370
2022,13511.0,New York State Elec & Gas Corp,Delivery,NY,135183.4,3909180,40400,36445.0,2658431,1042,61175.2,849603,88750
2022,13573.0,Niagara Mohawk Power Corp.,Bundled,NY,553152.8,3884844,122483,77046.5,824460,602,1991071.6,10679796,1379221
2022,13573.0,Niagara Mohawk Power Corp.,Delivery,NY,360371.1,8623811,60248,113485.2,7866863,966,113910.0,1364299,145403
2022,14154.0,Orange & Rockland Utils Inc,Bundled,NY,106525.4,680501,18641,4822.9,61862,41,289806.5,1218224,152372
2022,14154.0,Orange & Rockland Utils Inc,Delivery,NY,93233.5,1265080,14477,11961.0,298790,59,64154.7,496527,54619
2022,14711.0,Pennsylvania Electric Co,Bundled,NY,2557.1,21522,442,0.0,0,0,4011.6,31501,3304
2022,14711.0,Pennsylvania Electric Co,Delivery,NY,234.1,8860,54,0.0,0,0,44.9,918,95
2022,15263.0,The Potomac Edison Company,Bundled,MD,91491.0,593857,21038,13443.0,84110,1104,326578.2,3125996,228961
2022,15263.0,The Potomac Edison Company,Bundled,WV,78517.5,820564,19426,62676.5,990752,1842,213403.4,2018265,130196
2022,15263.0,The Potomac Edison Company,Delivery,MD,36651.1,1456070,10344,18718.8,1332646,1492,9310.9,276540,21722
2022,15270.0,Potomac Electric Power Co,Bundled,MD,275108.7,1610570,31537,111.6,619,1,730532.7,4769046,458433
2022,15270.0,Potomac Electric Power Co,Delivery,MD,292607.6,5688183,18627,6863.7,286723,8,67311.9,876959,85450
2022,16183.0,Rochester Gas & Electric Corp,Bundled,NY,113563.9,727772,20893,6140.7,36897,222,359405.3,2276305,276292
2022,16183.0,Rochester Gas & Electric Corp,Delivery,NY,136796.2,2358991,19934,39050.8,1042702,466,52402.0,581768,72648
2022,20521.0,Wheeling Power Co,Bundled,WV,43158.0,382634,6425,261941.0,4053870,426,61828.0,387427,34707
2022,54913.0,NSTAR Electric Company,Bundled,MA,328520.0,1321869,54204,34605.0,107164,639,716965.0,2446486,432255
2022,54913.0,NSTAR Electric Company,Delivery,MA,966929.0,11892230,167988,101906.0,1452333,1515,862751.0,5382105,857454
