State,Utility Name,Year,Distribution Maintenance Expense Electric (2022$),Distribution Operation Expenses Electric (2022$),Transmission Maintenance Expense Electric (2022$),Transmission Operation Expense (2022$),Additions Transmission Plant (2022$),Additions Distribution Plant (2022$)
MA,Boston Edison Company,1994,58552121.71309042,93534662.80958165,9265984.552935222,45022925.929622136,6007267.1784750335,132192950.70607288
MA,Boston Edison Company,1995,54571765.75229658,96262625.0883202,3397787.920177165,41368996.44527559,27890876.03723753,330323093.6052493
MA,Boston Edison Company,1996,38536146.377182916,99847409.91230083,4099695.524984066,33104850.084639896,34314334.07176545,204252030.80101973
MA,Boston Edison Company,1997,48424997.42529595,94224698.98442367,5052229.990996884,44190573.14199377,24927129.401526477,131666859.34031151
MA,Boston Edison Company,1998,43760052.20453987,98744102.33141103,7315651.441932514,48091497.02061349,26249679.45242331,126002678.47631902
MA,Boston Edison Company,1999,44807623.591836736,80290492.99183673,8614730.299999999,74605903.24897958,7298534.63877551,130740392.55918367
MA,Boston Edison Company,2000,48113868.79721254,89902596.29616724,4791574.714053426,119340113.53472705,55313168.20116144,92682682.83565621
MA,Boston Edison Company,2001,33906876.10124224,98401728.91552795,4254848.415838509,118203959.30931677,27980290.116770186,240579741.25714284
MA,Boston Edison Company,2002,37440078.06036686,97638590.13618676,5017632.60544747,141636352.59677598,103301742.56297942,224727467.74741518
MA,Boston Edison Company,2003,29875870.1748913,87342064.04358694,3547035.858586956,136008357.45869562,21068619.945461955,263604741.39043474
MA,Boston Edison Company,2004,36391117.85420857,77729669.95987295,6093952.4312599255,140469702.64711484,5714791.463896241,238869491.4566437
MA,Boston Edison Company,2005,40298518.57552483,82205935.36098309,4000659.783538146,161190382.02396312,31421562.66113671,229595900.38259086
MA,Boston Edison Company,2006,43885661.189682536,81984609.77251984,6727334.229414683,271920462.9297619,206413705.83253968,195184998.0142857
MA,CANAL ELECTRIC COMPANY,1994,0.0,0.0,471.96049257759785,10699670.19719973,54216.21474358974,0.0
MA,CANAL ELECTRIC COMPANY,1995,0.0,0.0,6146.907185039369,9291291.208891075,34636.60259186351,0.0
MA,CANAL ELECTRIC COMPANY,1996,0.0,0.0,1596.6391332058633,7721242.39515615,0.0,0.0
MA,CANAL ELECTRIC COMPANY,1997,0.0,0.0,1766.8703738317756,7392986.791152648,494756.5257943925,0.0
MA,CANAL ELECTRIC COMPANY,1998,0.0,0.0,944.3958895705521,6965817.400306748,6059.574386503067,0.0
MA,CANAL ELECTRIC COMPANY,1999,0.0,0.0,8340.491836734693,6432142.334693877,0.0,0.0
MA,CANAL ELECTRIC COMPANY,2000,0.0,5960.168902439024,14156.888211382113,5925582.247938443,0.0,0.0
MA,CANAL ELECTRIC COMPANY,2001,0.0,0.0,18572.27298136646,5517566.332919255,0.0,0.0
MA,CANAL ELECTRIC COMPANY,2002,0.0,0.0,35020.99410783768,5151674.7771539735,0.0,0.0
MA,Cambridge Electric Light Company,1994,1779312.779048583,3625596.5545209176,279760.0124831309,14521274.511437247,5201.439068825911,7228479.763495277
MA,Cambridge Electric Light Company,1995,1884976.6447178477,3588845.1637139106,240572.39560367452,13470289.390387138,0.0,7706406.918602361
MA,Cambridge Electric Light Company,1996,1885186.8909496493,3675207.7477692794,217976.6811026131,11883337.412619501,193868.54933078392,6752185.029094964
MA,Cambridge Electric Light Company,1997,1804499.789626168,5644082.334548286,248381.13049844233,9984232.567165108,351299.050529595,6425328.959688473
MA,Cambridge Electric Light Company,1998,2797401.168957055,5498770.203036809,174366.72168711654,11776555.698343558,39221.156288343554,9509434.616809815
MA,Cambridge Electric Light Company,1999,4039861.6163265305,5085228.438265306,608615.2454081633,13789608.485714285,0.0,7497262.490816326
MA,Cambridge Electric Light Company,2000,2776192.970354239,7545373.28873403,158062.59160859464,19252944.79038908,0.0,5444754.5016550515
MA,Cambridge Electric Light Company,2001,1672940.5773291925,7099402.136335404,89769.56645962733,18554774.823291924,4211763.188198757,3320631.1919254656
MA,Cambridge Electric Light Company,2002,1357919.1999999997,4035086.145525291,69529.55728182323,21243858.985297386,-4383490.377598666,18373780.50097276
MA,Cambridge Electric Light Company,2003,1133193.560842391,5469728.312065217,17486.136249999996,24250899.518940214,855998.3793206521,16016561.214918476
MA,Cambridge Electric Light Company,2004,1620710.6860772893,4293107.867443091,72059.12842773953,33388889.657067228,15767233.536924297,7177761.259899417
MA,Cambridge Electric Light Company,2005,1882583.8313108038,5160153.4989759335,7619.819124423962,41383140.26292882,7096503.133666154,39423274.83246288
MA,Cambridge Electric Light Company,2006,1538973.3513392857,5031674.320138888,118696.5710813492,50719770.94424603,-242590.09107142856,17110253.129389882
MA,Commonwealth Electric Company,1994,14976815.123279352,19180498.11511471,1747572.9422402158,10741127.68080297,13738481.62834008,33252274.68879892
MA,Commonwealth Electric Company,1995,16570143.38277559,19337083.10958005,501313.7903215223,9847510.456955379,10816329.087926509,42291082.451049864
MA,Commonwealth Electric Company,1996,20109091.660611853,19631006.423709366,1011685.3926386232,8744669.427214786,5960613.874155512,30513348.09190567
MA,Commonwealth Electric Company,1997,19294725.916043613,26725850.85037383,991398.4426791277,11164425.394267911,2447921.4086292833,33591265.46442367
MA,Commonwealth Electric Company,1998,16531574.638895703,19451555.162546013,459443.21398773004,14953763.808128834,12977602.841196317,33328714.838282205
MA,Commonwealth Electric Company,1999,24677967.75153061,22361715.851020407,1420406.1367346938,20126602.8127551,476544.57602040813,32325641.913265303
MA,Commonwealth Electric Company,2000,15980426.274999999,34749650.759233445,1129687.388646922,33400310.66747967,12016257.94541231,6722283.650493612
MA,Commonwealth Electric Company,2001,14745462.660869565,42276025.82360248,1355875.0767080744,30589582.92795031,13861006.701863354,43975992.78447205
MA,Commonwealth Electric Company,2002,18236327.003335185,36725030.30850472,1456229.4813507502,34604750.52718176,8211832.602640355,52698524.12501389
MA,Commonwealth Electric Company,2003,12579153.283124998,39305214.2748913,1606087.4589673912,32118549.060543474,10656406.75209239,67379920.16608694
MA,Commonwealth Electric Company,2004,16320072.620328214,31191256.658496555,1675689.2354949706,30953398.944626782,7390345.913869771,52967512.255584955
MA,Commonwealth Electric Company,2005,21509546.101177674,27381694.89974398,1206324.5093958012,32540907.347311825,9109930.572939066,57789451.49042498
MA,Commonwealth Electric Company,2006,14206018.07313988,27639760.828472223,1399043.3244791667,31861820.188392855,4707175.668948413,83450248.07777777
MA,Eastern Edison Company,1994,8008053.836538462,18204558.85620783,796191.4267881241,93858.9213900135,446290.9760796221,20368558.93130904
MA,Eastern Edison Company,1995,8505289.778116798,19893600.005446192,580038.7534448819,143871.42555774277,285546.0183070866,15827128.05551181
MA,Eastern Edison Company,1996,12342236.866666665,19089484.624984063,498671.8094646271,244158.95156150413,193025.464181007,13524033.340599107
MA,Eastern Edison Company,1997,10481045.883239875,18965364.138442367,725955.7991900311,238498.32613707162,1086153.020436137,17367611.886697818
MA,Eastern Edison Company,1998,7419648.1018404905,18307868.39969325,452146.5887116564,329565.438588957,1407577.1876687116,15010833.328558281
MA,Eastern Edison Company,1999,9268213.456632653,15918169.457142856,305810.4219387755,437252.2168367347,134677.51224489795,14656288.87755102
MA,Eastern Edison Company,2000,2961872.54076655,5603722.930168408,108872.07871660858,90872.60656213704,0.0,6222676.358623693
MA,Mississippi Power Company,1994,23682321.907152496,15466388.233569501,7783149.851349528,4075983.120816464,29914102.07425776,42559829.28495277
MA,Mississippi Power Company,1995,21498184.739599735,15536719.816338582,7618164.907053805,4837120.515059055,35924530.39133858,50034065.48372703
MA,Mississippi Power Company,1996,25259120.19837476,17834455.38744423,9710274.247673677,6255262.807839387,42530900.183811344,49554970.847546205
MA,Mississippi Power Company,1997,22987260.71968847,21966640.53850467,6359759.652523364,6684358.72071651,11162040.392772585,38212023.52205607
MA,Mississippi Power Company,1998,26152009.885889567,26157843.236165643,8399001.002760736,7912750.2316871155,19586242.893435583,29858410.052852757
MA,Mississippi Power Company,1999,31320099.71020408,27828286.402040813,7649465.927040816,9377165.08367347,14400170.08010204,51079887.762244895
MA,Mississippi Power Company,2000,30768315.715621367,25870492.960714284,7034758.293989547,9124092.35865273,18379814.886062715,92056265.17514518
MA,Mississippi Power Company,2001,19430580.026086956,20651407.461801242,3857880.3335403726,7679607.611801242,36076608.04285714,66160831.47453416
MA,Mississippi Power Company,2002,24637459.686353527,25387430.82643135,6940798.914313506,7236871.747304057,19780954.8876876,47074339.22390216
MA,Mississippi Power Company,2003,23768246.212771736,25196835.233206518,6697223.584592391,8918183.970108695,28464229.696195647,49964393.296902165
MA,Mississippi Power Company,2004,28838456.088830065,24555955.99685018,6672436.39669137,7697193.674351508,12580820.150105875,45586567.2445209
MA,Mississippi Power Company,2005,26280182.238658473,21061245.993445978,7946041.787788018,7668160.395801331,12564070.255760368,53724145.371223755
MA,Mississippi Power Company,2006,19649749.471949406,24396771.803075396,2012924.9301835317,8693933.731225198,46632231.26800595,176498349.14642856
MA,Mississippi Power Company,2007,15359605.472528478,27016840.50351593,1766614.75441541,9281990.129616767,8650073.710753247,70264074.20397218
MA,Mississippi Power Company,2008,20533849.91646656,26672126.210596226,5289822.414295202,8355345.581668625,26079052.05793695,50583286.02564757
MA,Mississippi Power Company,2009,17422254.679519147,21801042.554897286,5580513.987447386,7048710.745652264,18639484.057109028,52524365.1525844
MA,Mississippi Power Company,2010,20764996.669227168,22818645.4478666,6602839.87113402,8081524.97087904,23123927.012785703,37299168.0350919
MA,Mississippi Power Company,2011,20817298.157856125,22593024.80708103,6270066.924299476,8210553.580615188,45105244.52149249,40137144.253508724
MA,Mississippi Power Company,2012,18638524.106335532,23325077.929606173,5041139.604693502,7952857.624850824,87337927.20280147,36421695.73608195
MA,Mississippi Power Company,2013,21258398.296423804,21903631.98834978,8137643.644857205,10499057.954472285,92040559.67719364,43679622.744111575
MA,Mississippi Power Company,2014,21168321.02485469,24463011.373977765,7519360.397235739,8794819.511628987,40750112.14078129,44114398.54284942
MA,Mississippi Power Company,2015,16720054.060193995,23786270.198171437,5884214.280178215,8567989.179236088,27377867.409384135,60438055.09258829
MA,Mississippi Power Company,2016,19651919.757382076,24389088.065431423,9328764.50978513,9660308.566833466,33309522.963330235,43393261.699617095
MA,Mississippi Power Company,2017,13774692.512524474,23913215.89772356,5414629.694007016,7733528.961467851,34172786.6059889,47910794.56592689
MA,Mississippi Power Company,2018,16584471.34283393,27386294.703134518,8746253.762439916,8976100.992823776,41499061.0303974,47228431.20438697
MA,Mississippi Power Company,2019,25903652.91746363,23692146.02260059,10228743.09692283,8084958.824381886,47196672.873811394,85662385.15479724
MA,Mississippi Power Company,2020,25674072.432431385,23547006.53217985,7286463.944983018,8253459.903578286,54435333.92042842,93891086.65164927
MA,Mississippi Power Company,2021,28444130.591061734,25480652.29730228,7987802.057534043,8438007.12130494,52413595.71686901,91122128.73100342
MA,Mississippi Power Company,2022,28081736.0,23322438.0,8642375.0,9643465.0,31850526.0,85694744.0
MA,Montaup Electric Company,1994,0.0,0.0,1365190.1562078274,24668993.82412281,6505367.173313091,0.0
MA,Montaup Electric Company,1995,0.0,0.0,1217108.7460301835,26394621.66079396,1227610.9126640419,0.0
MA,Montaup Electric Company,1996,0.0,0.0,1474725.6631293816,24025039.38852772,797746.940184831,0.0
MA,Montaup Electric Company,1997,0.0,0.0,1476366.9806853582,27333384.396417443,1211447.6517445482,0.0
MA,Montaup Electric Company,1998,0.0,0.0,901679.0321472392,22165924.901257668,777171.3862269938,0.0
MA,Montaup Electric Company,1999,0.0,0.0,987058.9142857143,24471342.079081632,1654300.0178571427,0.0
MA,Montaup Electric Company,2000,0.0,0.0,372652.4651858304,8068153.3502032515,5470.71106271777,0.0
MA,Nantucket Electric Company,2006,812268.5978174603,1669656.2931299603,-15095.830084325396,798863.9536210317,0.0,61333136.78511905
MA,New England Power Company,1994,1050447.8001012146,2264652.0680161943,18263153.04757085,83303783.6631579,66077904.991228074,1489598.1521592443
MA,New England Power Company,1995,782965.423195538,2078148.1478018372,22648505.159514435,85266885.42729658,39561241.16220472,229167.6840223097
MA,New England Power Company,1996,566448.7676226896,1937072.0670809431,24485270.61867431,74723651.51128106,42680081.48973868,290332.7853728489
MA,New England Power Company,1998,817670.8882822085,2305081.846349693,20444637.712453987,68050252.02503067,73514045.46699385,597272.9464110429
MA,New England Power Company,1999,1098808.857142857,1978660.4806122447,19964859.104591835,38671178.744897954,89180023.87755102,444642.37040816323
MA,New England Power Company,2000,1171298.1030487805,1678145.2921312426,20781407.756910566,31553739.193786293,54101080.245296165,1560321.913269454
MA,New England Power Company,2001,738100.3667701863,1128410.5891304347,19017067.26925466,40424122.830434784,108264185.89068323,672235.6406832298
MA,New England Power Company,2002,548506.0715953306,1020933.230544747,23992811.81097832,35660215.09560867,39029303.70361311,3850853.397304057
MA,New England Power Company,2003,650573.6555163043,1237636.4044836955,24384480.621277172,38230340.17538043,67447561.64347824,91713.94165760868
MA,New England Power Company,2004,292751.05404976173,494813.14179460023,17728008.09359449,53524086.602117516,62275695.01662254,104057.52106934885
MA,New England Power Company,2005,2447.0333589349716,38960.72708653353,16100390.099923193,50809193.67997951,82869526.45263696,15358.018919610853
MA,New England Power Company,2006,4365.146750992063,38903.08206845238,21879622.340823412,53378750.65853175,157711802.7265873,36448.322123015874
MA,New England Power Company,2007,563.1726567699742,34887.064053592614,21588454.551417463,54492778.2276625,205440823.3500207,129286.93988675713
MA,New England Power Company,2008,1306.2588770244724,31094.67020896132,30693560.381137278,56021395.32825831,88318405.47182342,106307.18055484595
MA,New England Power Company,2009,2926.0452742417388,18342.00687993213,27449709.525070265,57390205.199942194,234793686.50554448,0.0
MA,New England Power Company,2010,10736.87493121033,27574.97904208093,26847577.239241295,54956028.64915434,152801696.0041457,318243.657179807
MA,New England Power Company,2011,7644.920534011442,28769.933248569607,22384150.38192576,57330981.66365103,147953359.66550928,140204.14763558118
MA,New England Power Company,2012,-917.7574326855231,39107.938600311856,28867560.377187558,42543153.108051606,151376328.37251845,1107947.3646523864
MA,New England Power Company,2013,7100.392175380006,89305.14489798546,25118172.487969883,52216284.05774456,207359491.28637472,0.0
MA,New England Power Company,2014,9949.004122735874,23045.394490064882,33398364.277465194,41789105.62947756,325905679.4207894,-1074523.3504621182
MA,New England Power Company,2015,5219.257205179375,37446.04051608112,36602879.207314245,49546711.160718426,231166465.36780062,9803954.230055228
MA,New England Power Company,2016,-10.974242417929476,49184.115796622595,33561876.887090795,37752525.48400672,311703368.1277629,-8957920.47127792
MA,New England Power Company,2017,0.0,84662.44576125978,29852151.972176887,44606018.54291774,211500049.247389,0.0
MA,New England Power Company,2018,0.0,39044.05355087671,30648256.9101618,45325832.807528265,114671642.8813215,0.0
MA,New England Power Company,2019,3490.2431578247415,6697.741133628259,26580858.535772536,47548673.45466778,257720617.07146683,0.0
MA,New England Power Company,2020,0.0,18595.467252164704,26159438.439208534,46178186.5848824,158269890.13789985,0.0
MA,New England Power Company,2021,1197.750286009521,50877.92648632689,28201629.89925083,47715692.926892266,111972859.47728528,0.0
MA,New England Power Company,2022,4824.0,164443.0,21705096.0,40500396.0,290439648.0,0.0
MA,Safe Harbor Water Power Corporation,1994,0.0,0.0,56591.81504723347,7203.815384615385,0.0,0.0
MA,Safe Harbor Water Power Corporation,1995,0.0,0.0,44147.89009186351,4808.452230971128,0.0,0.0
MA,Safe Harbor Water Power Corporation,1996,0.0,0.0,52843.90570427023,2381.9020713830464,0.0,0.0
MA,Safe Harbor Water Power Corporation,1997,0.0,0.0,121064.35342679126,0.0,0.0,0.0
MA,Safe Harbor Water Power Corporation,1998,0.0,0.0,513433.5729141104,25979.864110429447,0.0,0.0
MA,Safe Harbor Water Power Corporation,1999,0.0,0.0,80028.67040816326,16027.516326530611,0.0,0.0
MA,Safe Harbor Water Power Corporation,2000,0.0,0.0,457369.4596109175,14088.907955865272,0.0,0.0
MA,Safe Harbor Water Power Corporation,2001,0.0,0.0,384111.75310559006,12781.967391304348,0.0,0.0
MA,Safe Harbor Water Power Corporation,2002,0.0,0.0,329727.34460811556,0.0,0.0,0.0
MA,Safe Harbor Water Power Corporation,2003,0.0,0.0,338383.9342663043,0.0,0.0,0.0
MA,Safe Harbor Water Power Corporation,2004,0.0,0.0,36748.42032821598,0.0,0.0,0.0
MA,Safe Harbor Water Power Corporation,2005,0.0,0.0,34213.51233998976,0.0,0.0,0.0
MA,Safe Harbor Water Power Corporation,2006,0.0,0.0,58828.59064980158,0.0,0.0,0.0
MA,Safe Harbor Water Power Corporation,2007,0.0,0.0,22138.75469031841,0.0,0.0,0.0
MA,Safe Harbor Water Power Corporation,2008,0.0,0.0,133083.44862821233,0.0,0.0,0.0
MA,Safe Harbor Water Power Corporation,2009,0.0,0.0,153429.80989293222,0.0,0.0,0.0
MA,Safe Harbor Water Power Corporation,2010,0.0,0.0,73858.96265179587,0.0,0.0,0.0
MA,Safe Harbor Water Power Corporation,2011,0.0,0.0,60571.29346178297,0.0,0.0,0.0
MA,Safe Harbor Water Power Corporation,2012,0.0,0.0,48420.62721586801,0.0,0.0,0.0
MA,Safe Harbor Water Power Corporation,2013,0.0,0.0,33282.14612567984,0.0,0.0,0.0
MA,TransCanada Hydro NorthEast Inc.,2005,0.0,0.0,0.0,514521.3558627752,0.0,0.0
MA,TransCanada Hydro NorthEast Inc.,2006,0.0,0.0,0.0,1047964.7474454365,0.0,0.0
MA,TransCanada Hydro NorthEast Inc.,2007,0.0,0.0,0.0,554592.3896509148,0.0,0.0
MA,Western Massachusetts Electric Company,1994,18144564.581207827,13012011.9969973,2899669.973954116,13156441.781376518,5153472.87483131,40812544.65330634
MA,Western Massachusetts Electric Company,1995,25504541.435104985,12253966.050492125,3000141.9787729657,12265814.353313647,644950.9382545932,27167378.72454068
MA,Western Massachusetts Electric Company,1996,22108220.017367747,13274655.468132567,2496531.8080305923,13097406.141555129,360683.76456341613,32976171.41580624
MA,Western Massachusetts Electric Company,1997,20352813.230809968,12640261.76682243,2598960.5629595015,15315773.948878502,10584248.252990654,23832918.79576324
MA,Western Massachusetts Electric Company,1998,20978433.250736196,11820766.353067484,1810092.7201533741,25497960.074049078,170635.8192944785,23947588.791533742
MA,Western Massachusetts Electric Company,1999,19794084.547959182,13207648.384183673,1718905.4535714285,32523948.173469387,11056570.895408163,23271133.35867347
MA,Western Massachusetts Electric Company,2000,22100822.94018583,11771581.710249709,1917610.8407084784,14244220.74613821,675475.6119047619,25411233.65
MA,Western Massachusetts Electric Company,2001,19733214.379813664,11493594.652795032,1782809.3124223603,11881103.913975155,4825381.899689441,31207856.688198756
MA,Western Massachusetts Electric Company,2002,21949040.408226788,9888178.011700943,1245506.4939966646,10097192.895942189,5691422.346692606,29275631.491606444
MA,Western Massachusetts Electric Company,2003,22102702.073315214,8335394.938451086,1889601.761766304,15600144.960244562,7363104.369021738,34822388.60554347
MA,Western Massachusetts Electric Company,2004,21686369.14687665,9180032.715325568,1982451.786739015,11282474.60132345,9918841.734621491,40261891.55743779
MA,Western Massachusetts Electric Company,2005,21573666.467025086,9311559.828059394,2421278.8198412694,15264553.633819763,16031390.652252942,29324840.184331793
MA,Western Massachusetts Electric Company,2006,19997786.817708332,9443852.007093254,2658760.5133680557,34075049.75580357,14226522.794742063,38944550.23675595
MA,Western Massachusetts Electric Company,2007,21873918.161226377,9026103.670240471,3896928.9512013965,44538310.54475214,11467592.637526404,37535457.57371878
MA,Western Massachusetts Electric Company,2008,23253982.4692178,6226634.308741634,4102471.154651816,19561119.301078014,23526595.026822664,38147190.43069534
MA,Western Massachusetts Electric Company,2009,19651172.736451052,9084481.167887123,4235588.993017521,31362460.917743787,35665040.66011923,41086851.13556169
MA,Western Massachusetts Electric Company,2010,21180246.649301097,8746643.504352093,3993588.6833198806,26494897.739938363,30283151.742855042,36095301.30186741
MA,Western Massachusetts Electric Company,2011,17864852.225536697,8278536.908161767,4636510.296591519,22227520.58389163,65744276.55924494,46011284.69851826
MA,Western Massachusetts Electric Company,2012,21498090.560380496,8315701.948504752,5058343.732567053,4061483.2571626436,387889403.92937094,40168787.16338406
MA,Western Massachusetts Electric Company,2013,19782566.958880823,9012077.292697793,5897011.3779367,4635014.657189953,310217752.2076606,44235925.65718137
MA,Western Massachusetts Electric Company,2014,18864911.470203094,10680681.18140038,4701272.838055894,20919487.13545891,80554653.52392538,36661758.7781326
MA,Western Massachusetts Electric Company,2015,15641926.163038937,11290078.142896922,3449010.364087808,5147409.999535898,97450295.94096626,46591532.41750591
MA,Western Massachusetts Electric Company,2016,17389678.451107677,12031040.01429125,7207919.00090414,9629583.126783801,112315313.3656935,34417177.63777723
MA,Western Massachusetts Electric Company,2017,17189263.111476008,10492174.841200227,6814989.599849053,19398608.975930154,161701515.3146214,46830702.76729764
MA,Yankee Atomic Electric Company,1994,0.0,0.0,0.0,0.0,0.0,0.0
MA,Yankee Atomic Electric Company,1995,0.0,0.0,0.0,0.0,0.0,0.0
MA,Yankee Atomic Electric Company,1996,0.0,0.0,0.0,0.0,0.0,0.0
MA,Yankee Atomic Electric Company,1997,0.0,0.0,0.0,0.0,0.0,0.0
MA,Yankee Atomic Electric Company,1998,0.0,0.0,0.0,0.0,0.0,0.0
MA,Yankee Atomic Electric Company,2007,0.0,0.0,0.0,0.0,0.0,0.0
MA,Yankee Atomic Electric Company,2008,0.0,0.0,0.0,0.0,0.0,0.0
MA,Yankee Atomic Electric Company,2009,0.0,0.0,0.0,0.0,0.0,0.0
MA,Yankee Atomic Electric Company,2010,0.0,0.0,0.0,0.0,0.0,0.0
MA,Yankee Atomic Electric Company,2011,0.0,0.0,0.0,0.0,0.0,0.0
MA,Yankee Atomic Electric Company,2012,0.0,0.0,0.0,0.0,0.0,0.0
MA,Yankee Atomic Electric Company,2013,0.0,0.0,0.0,0.0,0.0,0.0
MA,Yankee Atomic Electric Company,2014,0.0,0.0,0.0,0.0,0.0,0.0
MA,Yankee Atomic Electric Company,2016,0.0,0.0,0.0,0.0,0.0,0.0
MA,Yankee Atomic Electric Company,2017,0.0,0.0,0.0,0.0,0.0,0.0
MA,Yankee Atomic Electric Company,2018,0.0,0.0,0.0,0.0,0.0,0.0
MA,Yankee Atomic Electric Company,2019,0.0,0.0,0.0,0.0,0.0,0.0
MA,Yankee Atomic Electric Company,2020,0.0,0.0,0.0,0.0,0.0,0.0
MA,Yankee Atomic Electric Company,2021,0.0,0.0,0.0,0.0,0.0,0.0
MA,Yankee Atomic Electric Company,2022,0.0,0.0,0.0,0.0,0.0,0.0
MA,"entergy mississippi, llc",1994,36344856.045681514,25530076.85654521,5150773.418792172,6348340.585661269,30602105.938090418,143068768.80242914
MA,"entergy mississippi, llc",1995,34141247.518503934,29024848.871751964,6441073.467749343,5904739.013156167,33051587.72060367,92002697.42965879
MA,"entergy mississippi, llc",1996,33419686.43110261,22890108.74971319,5794236.988591459,5896615.877310388,44025000.0182919,85057383.49674952
MA,"entergy mississippi, llc",1997,36543226.30604361,22654461.841308407,10370480.64190031,5945496.9271962615,44909053.01906542,61909394.73283488
MA,"entergy mississippi, llc",1998,33519647.98748466,15511853.302269937,10240745.348650306,4550774.477423312,12897774.457085889,52843733.04552147
MA,"entergy mississippi, llc",1999,40627596.74285714,13722148.521938775,10792000.938265305,4531978.740816326,12234312.284183674,72832329.63061224
MA,"entergy mississippi, llc",2000,40624847.7412892,16431176.157229964,11957874.80246806,5109812.383710801,43056766.60412311,121947564.215331
MA,"entergy mississippi, llc",2001,33136087.939130433,19397102.3431677,7375778.511801242,8057324.25,20162630.64720497,84955654.45465839
MA,"entergy mississippi, llc",2002,32279579.710561417,20523908.164118953,7228222.238493606,8973334.252112282,58875809.08171205,123920336.57632016
MA,"entergy mississippi, llc",2003,32470778.439239126,25002004.93850543,8613410.826385869,8538861.73668478,92107142.73630434,110723716.18239129
MA,"entergy mississippi, llc",2004,29821318.308205396,19786124.134145048,8539773.601826362,8825834.956087876,62225796.48703016,141383765.37871888
MA,"entergy mississippi, llc",2005,24447258.349487964,16867146.199923195,7591045.128981054,8993321.116769072,50066251.575166404,121911171.97235022
MA,"entergy mississippi, llc",2006,20879770.017311506,21577312.338814482,9426876.275099207,9490974.397743056,29273280.90674603,136375546.07242063
MA,"entergy mississippi, llc",2007,24857379.651686583,18719054.578667127,10271701.85244668,12759423.20161858,53863707.312748976,130514774.84118026
MA,"entergy mississippi, llc",2008,25823468.44019823,18670371.72201502,8948244.388443263,14167749.025187757,33424747.88024319,89840135.89638788
MA,"entergy mississippi, llc",2009,21410972.75530561,16873319.0372057,8973317.365815686,15217124.211161708,15353798.490004053,126916494.87706082
MA,"entergy mississippi, llc",2010,26870972.8897164,16690613.00204993,9332926.533642733,16073348.720145283,24241216.955002382,106531917.27996477
MA,"entergy mississippi, llc",2011,26335788.46887378,16017357.518705068,10694519.146902047,16569756.36999364,75139144.90390727,99503527.46246758
MA,"entergy mississippi, llc",2012,25358716.230084408,41613834.48104044,9709709.206272813,17948520.92720193,117915595.990836,133749369.2551199
MA,"entergy mississippi, llc",2013,24924964.435067415,28380667.016273387,9639654.223826714,16223908.69113184,91010997.786716,107928996.19449082
MA,"entergy mississippi, llc",2014,25605408.73927075,16024265.582589889,11035573.086539436,16135905.078653013,29275117.700307515,97532599.39037578
MA,"entergy mississippi, llc",2015,30586338.791479092,19213468.68403954,11336363.706084374,15541399.58973407,42213618.97990439,110478174.35745116
MA,"entergy mississippi, llc",2016,36312363.457899146,18044543.199552514,9731719.181607204,16498841.884111714,126053094.38674705,154714586.71638742
MA,"entergy mississippi, llc",2017,37342400.71956592,19125906.857620753,8538526.015237434,15151686.10388789,227476051.31233677,150338067.42542425
MA,"entergy mississippi, llc",2018,37930662.26660348,19453067.711393945,10151591.447430776,14418798.46963645,198360994.2184009,154275676.3387719
MA,"entergy mississippi, llc",2019,35878140.55742655,21521290.32977779,8973850.151355136,17547509.41143798,132008363.62970698,234517141.72191647
MA,"entergy mississippi, llc",2020,37246520.76028453,24498899.963525504,10055045.76163687,17546202.323065866,147590073.99190915,253334631.7688197
MA,"entergy mississippi, llc",2021,39328079.879839085,25651853.90626268,9071935.63066022,21935929.226335015,189976786.42477024,326528406.27434766
MA,"entergy mississippi, llc",2022,43132728.0,27536266.0,10066512.0,18055696.0,75046672.0,241447728.0
MD,Baltimore Gas and Electric Company,1994,75241497.81403509,105997326.61632928,7358312.343016194,15560938.310492577,116709629.16194332,221290023.74412957
MD,Baltimore Gas and Electric Company,1995,67962725.28241469,118298755.42125984,7307843.069783464,15676493.303772964,18995126.111745406,286227620.25144356
MD,Baltimore Gas and Electric Company,1996,75903172.40140216,99709785.58776289,6085252.449107711,25101112.61163161,9493578.981389418,258373397.03046525
MD,Baltimore Gas and Electric Company,1997,66449854.09333333,90796839.17470405,6295187.742772585,23358223.268785045,7227486.2860124605,261094209.57009342
MD,Baltimore Gas and Electric Company,1998,79136052.15190184,77004740.94466257,10375147.606257668,13431205.523190184,9943495.844693251,263625433.79288343
MD,Baltimore Gas and Electric Company,1999,83919365.80612245,79585366.59183674,7919860.878061224,13277846.938265305,6431067.275510204,272179408.7346939
MD,Baltimore Gas and Electric Company,2000,82511558.58153309,63640158.07375145,10522026.436556328,10449307.957229964,8009851.783565621,232070180.52032518
MD,Baltimore Gas and Electric Company,2001,71319266.6621118,74858822.30186336,10029110.034161491,12510759.98726708,19693718.348447204,191188606.43229812
MD,Baltimore Gas and Electric Company,2002,62950737.952418,60939932.93974429,8718963.536548082,12672299.867092827,11132540.88999444,138069104.50650358
MD,Baltimore Gas and Electric Company,2003,111004894.01673912,73689243.86282608,9604186.376304347,9951798.486168478,27928464.279076084,261492255.80739126
MD,Baltimore Gas and Electric Company,2004,74876083.85547908,70747984.45145579,13125954.769163577,10642029.57676019,15757945.73001588,244533730.60370564
MD,Baltimore Gas and Electric Company,2005,71598769.5204301,83869606.35924219,12803734.171454173,12638605.123655913,19379407.30844854,257195991.1365079
MD,Baltimore Gas and Electric Company,2006,76630347.18799603,85574981.44424602,16189279.748015873,13353057.946031746,30381520.099900793,277938332.34007937
MD,Baltimore Gas and Electric Company,2007,86580165.62404142,88857364.84764302,15424431.02084961,14346268.727320079,29399029.78952648,287584921.7119541
MD,Baltimore Gas and Electric Company,2008,89302256.27854697,91538054.95325193,17982794.29315894,16630279.443621313,52926515.99754764,301089142.4881214
MD,Baltimore Gas and Electric Company,2009,87757546.08445162,89950576.77584751,21121805.819532294,17455698.899560448,102578924.37742673,255051643.27682403
MD,Baltimore Gas and Electric Company,2010,115451361.39156912,112954071.65131892,19852795.801399637,20294218.256227758,126989851.40514362,327001425.42869717
MD,Baltimore Gas and Electric Company,2011,149470218.064453,118003579.42980096,25376618.956428185,20621827.06342608,144716742.82556602,334589767.4331263
MD,Baltimore Gas and Electric Company,2012,164111130.50846276,114766382.74170928,22718024.726430133,24634988.014625818,55702226.857147835,351777933.14947253
MD,Baltimore Gas and Electric Company,2013,80705781.04113634,137869646.50695193,23769143.20007555,20325709.272440836,57468905.951742165,454355994.770537
MD,Baltimore Gas and Electric Company,2014,78510330.97002569,179276346.81062448,19460772.50775125,27215476.05357867,80333733.21717018,294809028.6202352
MD,Baltimore Gas and Electric Company,2015,93996019.39945236,137242209.21149117,18013438.34872604,34742729.518726505,131167067.9092217,302701290.9973546
MD,Baltimore Gas and Electric Company,2016,117559606.29331644,169632269.507806,21300389.97562571,34057278.5770415,245616870.4822776,284438492.03031576
MD,Baltimore Gas and Electric Company,2017,135236658.7150783,103217861.62124671,23979824.997144252,31978943.863169055,274495222.3714099,234767363.42983025
MD,Baltimore Gas and Electric Company,2018,127933815.02132556,146303300.4021393,20375068.42732381,30662135.200054158,244020987.52961883,336007150.71423733
MD,Baltimore Gas and Electric Company,2019,122462767.23406751,119988282.13614334,23438870.4436804,29155655.213860758,148196855.4619666,307973323.5020359
MD,Baltimore Gas and Electric Company,2020,124522386.12331004,112090866.78526028,21464621.768626526,34158343.41415164,129438129.83559431,377056923.178072
MD,Baltimore Gas and Electric Company,2021,113603277.34361735,138097164.84983575,21694178.073476765,31185907.358932715,212142869.47071627,357640381.4438498
MD,Baltimore Gas and Electric Company,2022,119092960.0,121924040.0,17017904.0,22432172.0,252630688.0,373783328.0
MD,York Haven Power Company,1994,0.0,0.0,0.0,0.0,0.0,0.0
MD,York Haven Power Company,1995,0.0,0.0,0.0,0.0,0.0,0.0
MD,York Haven Power Company,1996,0.0,0.0,0.0,0.0,0.0,0.0
MD,York Haven Power Company,1997,0.0,0.0,0.0,0.0,0.0,0.0
MD,York Haven Power Company,1998,0.0,0.0,0.0,0.0,-4476.005613496932,0.0
MD,York Haven Power Company,1999,0.0,0.0,0.0,0.0,0.0,0.0
MD,York Haven Power Company,2000,0.0,0.0,0.0,0.0,0.0,0.0
MD,York Haven Power Company,2001,0.0,0.0,0.0,0.0,0.0,0.0
MD,York Haven Power Company,2002,0.0,0.0,0.0,0.0,0.0,0.0
MD,York Haven Power Company,2003,0.0,0.0,0.0,0.0,0.0,0.0
MD,York Haven Power Company,2004,0.0,0.0,0.0,0.0,0.0,0.0
MD,York Haven Power Company,2005,0.0,0.0,0.0,0.0,0.0,0.0
MD,York Haven Power Company,2006,0.0,0.0,32618.838541666668,0.0,0.0,0.0
MD,York Haven Power Company,2007,0.0,0.0,0.0,0.0,14914.900912502048,0.0
ME,Central Maine Power Company,1994,27973866.56508097,42097643.70634278,9235824.500202429,19163831.39311741,8564886.253846154,50146351.31133603
ME,Central Maine Power Company,1995,31610388.585958004,42230535.127230965,7181573.191010498,21396562.019127294,8963943.917355642,60263502.2375328
ME,Central Maine Power Company,1996,32687317.75991077,46642678.68578712,7139647.938559592,21488076.797960483,4653470.036870617,52249918.642065
ME,Central Maine Power Company,1997,27552328.627725855,50222179.928224295,6184629.795015575,24373984.100591898,4936045.044299065,48106873.23501557
ME,Central Maine Power Company,1998,40072412.4798773,45183195.76552147,6082412.249079755,31855608.066625763,2573435.7087730058,53593281.749693245
ME,Central Maine Power Company,1999,32676494.153061222,51251774.26734693,7079287.560714286,48369730.31224489,2137553.1739795916,52568054.24693877
ME,Central Maine Power Company,2000,48494646.60243902,57556978.8989547,8560051.68109756,79647067.75679442,44571560.44076655,55459584.07549361
ME,Central Maine Power Company,2001,51338954.626708075,53957769.05341615,6605874.428881987,70958674.7204969,15055111.811180124,67367786.3031056
ME,Central Maine Power Company,2002,47423677.219010554,61134969.03346302,7189202.656336852,80088003.08882712,14802994.197109504,42549310.54207893
ME,Central Maine Power Company,2003,39687803.428804345,63124811.89706521,6580622.834320651,68707237.83239129,3903278.109918478,46896363.69059782
ME,Central Maine Power Company,2004,35560070.6097406,46571242.09677077,7635077.68933298,70355978.57882477,20728372.532318685,51384076.73785071
ME,Central Maine Power Company,2005,39888882.49395801,46398329.88735279,9012945.335304659,77613346.74930875,17534159.84160266,47238206.28115719
ME,Central Maine Power Company,2006,46823539.95763889,48058892.45644841,8020905.620957341,76399712.98273809,21309347.20111607,42519781.07688492
ME,Central Maine Power Company,2007,51267981.021983,42658863.65454177,6945793.27724243,82613329.86746533,58415440.922919616,54934892.75805191
ME,Central Maine Power Company,2008,49415308.44735094,48649886.960609,7829400.358146425,99799700.58754405,114631080.77453634,57642406.86455832
ME,Central Maine Power Company,2009,72640589.47444962,48401257.70510448,8743586.662510429,126267346.61750652,60771496.738651134,69501004.28075343
ME,Central Maine Power Company,2010,62973124.31778992,47372541.67461569,8343489.955997542,145886418.44095093,27696026.570055395,70368490.50665884
ME,Central Maine Power Company,2011,70331957.4629566,40218467.16074135,8191666.35947968,138199783.73905814,114343041.59812213,102203625.96508385
ME,Central Maine Power Company,2012,72220376.93763775,37154721.34419889,8291438.736378128,147042677.7753774,415573250.96718556,72927335.68534021
ME,Central Maine Power Company,2013,83544902.75149491,43591935.664521776,8243815.361826431,175001240.35148117,456596964.9719047,69234100.00987306
ME,Central Maine Power Company,2014,77845305.31621721,40629136.79989524,9561632.081622567,179167046.22060016,465380471.52743983,76781647.00020276
ME,Central Maine Power Company,2015,73608037.57181974,44516784.45537662,9914616.805819836,189646001.28092077,517590726.7350443,23265579.22030909
ME,Central Maine Power Company,2016,68947185.119934,46898454.23766807,9120300.23953468,202797795.7782898,73596474.13342111,78004022.53492606
ME,Central Maine Power Company,2017,80150219.52676238,36565580.30580939,9126121.188499508,212861143.33387724,55227446.556625314,118671163.13544384
ME,Central Maine Power Company,2018,102937425.23864327,33595666.30153679,10188957.23952339,203900394.5189899,132923752.5204793,56432236.147857286
ME,Central Maine Power Company,2019,88284392.26526165,31586004.59017355,7535793.274269822,201519941.04694963,66482055.51398944,73488297.96970159
ME,Central Maine Power Company,2020,82512700.59742437,34219852.62890681,10169910.228583792,225965432.95238608,142636173.6698981,86910426.26812616
ME,Central Maine Power Company,2021,87432357.99239767,44715532.58559987,14253434.688729376,245522124.37007782,76251932.56700002,158470990.0972063
ME,Central Maine Power Company,2022,124383000.0,33067576.0,8339972.0,231288960.0,58906600.0,119892720.0
ME,"Maine Electric Power Company, Inc.",1994,0.0,0.0,372238.597537112,793867.1694669366,0.0,0.0
ME,"Maine Electric Power Company, Inc.",1995,0.0,0.0,821517.5346128608,850934.7389763779,0.0,0.0
ME,"Maine Electric Power Company, Inc.",1996,0.0,0.0,904695.6488527724,987377.6809751433,35637.13467176545,0.0
ME,"Maine Electric Power Company, Inc.",1997,0.0,0.0,443628.51208722737,1065173.0302180685,575799.1683489096,0.0
ME,"Maine Electric Power Company, Inc.",1998,0.0,0.0,421565.03892638034,1503997.1353067483,195048.2734969325,0.0
ME,"Maine Electric Power Company, Inc.",1999,0.0,0.0,411287.4295918367,1458897.4714285713,0.0,0.0
ME,"Maine Electric Power Company, Inc.",2000,0.0,0.0,802969.182113821,1100853.563269454,3796527.319976771,0.0
ME,"Maine Electric Power Company, Inc.",2001,0.0,0.0,842469.6335403726,1035273.2593167701,245780.6254658385,0.0
ME,"Maine Electric Power Company, Inc.",2002,0.0,0.0,1260472.730794886,1011785.9316842689,100869.18249027236,0.0
ME,"Maine Electric Power Company, Inc.",2003,0.0,0.0,719070.8306793477,909570.1494836955,1002809.3962771738,0.0
ME,"Maine Electric Power Company, Inc.",2004,0.0,0.0,130896.88168343037,1507656.618766543,377703.11476971937,0.0
ME,"Maine Electric Power Company, Inc.",2005,0.0,0.0,11363.045903737839,1688679.289580133,73583.32706093189,0.0
ME,"Maine Electric Power Company, Inc.",2006,0.0,0.0,118342.36562499999,1304403.6911954365,41270.74231150794,0.0
ME,"Maine Electric Power Company, Inc.",2007,0.0,0.0,570666.099463688,811154.9385073935,0.0,0.0
ME,"Maine Electric Power Company, Inc.",2008,0.0,0.0,648304.0285086598,602029.0262095744,176823.4115873908,0.0
ME,"Maine Electric Power Company, Inc.",2009,0.0,0.0,713038.3558080889,614050.7216237758,389843.3550622969,0.0
ME,"Maine Electric Power Company, Inc.",2010,0.0,0.0,556262.7269829768,565311.2283312543,99776.4366263712,0.0
ME,"Maine Electric Power Company, Inc.",2011,0.0,0.0,686830.2772751723,596925.69954521,460047.0142794268,0.0
ME,"Maine Electric Power Company, Inc.",2012,0.0,0.0,435336.9635312769,497817.12475064676,4276944.659768984,0.0
ME,"Maine Electric Power Company, Inc.",2013,0.0,0.0,1378311.496177406,646773.8689972827,5314250.333301853,0.0
ME,"Maine Electric Power Company, Inc.",2014,0.0,0.0,1178131.2014226818,480468.4131902203,2980155.6990276086,0.0
ME,"Maine Electric Power Company, Inc.",2015,0.0,0.0,865205.1693971318,429650.9323803778,16830142.480623752,0.0
ME,"Maine Electric Power Company, Inc.",2016,0.0,0.0,639748.3391942735,496845.4125088018,729106.7177623985,0.0
ME,"Maine Electric Power Company, Inc.",2017,0.0,0.0,1520499.8455858352,153939.9685052219,19835919.98033616,0.0
ME,"Maine Electric Power Company, Inc.",2018,0.0,0.0,685034.8598605375,1271790.029449597,62180127.80177374,0.0
ME,"Maine Electric Power Company, Inc.",2019,0.0,0.0,1660062.2125347634,151211.43651454878,12975577.054021599,0.0
ME,"Maine Electric Power Company, Inc.",2020,0.0,0.0,1059613.7108739582,40859.14342898872,11074430.166434193,0.0
ME,"Maine Electric Power Company, Inc.",2021,0.0,0.0,781514.2411706091,37854.95719083292,5130143.759512122,0.0
ME,"Maine Electric Power Company, Inc.",2022,0.0,0.0,697646.0,65750.0,27847368.0,0.0
ME,Maine Public Service Company,1994,1675234.629419703,1469286.0784075574,585043.411437247,4331412.483805668,488609.4420040486,4088483.16231444
ME,Maine Public Service Company,1995,1670401.3842191598,1545738.8035761153,511781.3914041994,3280096.0590223093,673008.5642716535,3841569.270866141
ME,Maine Public Service Company,1996,1964975.9472594007,1328403.7588272784,679700.0973550031,3907666.0950286803,359954.45860420645,3934434.0485340976
ME,Maine Public Service Company,1997,1895231.9566043613,1341421.1162616822,501793.00956386287,2871496.215482866,457103.40585669776,2911815.1398442364
ME,Maine Public Service Company,1998,2223251.5584049076,1333506.7457975459,684213.0265644172,2277530.9814723926,1030842.2266257668,3193989.9888343555
ME,Maine Public Service Company,1999,2553948.8913265304,1223773.9474489796,888453.8535714286,631776.4469387755,2853972.9653061223,3933697.765306122
ME,Maine Public Service Company,2000,2337575.8642276423,1461979.976132404,667396.1585365853,1003267.906475029,804673.7870209059,4205878.9261033675
ME,Maine Public Service Company,2001,2540774.1950310557,1183102.8677018634,839470.3742236025,961258.4798136646,2504505.465838509,4797765.579192546
ME,Maine Public Service Company,2002,2502322.2573652025,1222726.9055308504,650953.2160088938,1046465.3051695385,2350143.2841300718,6493638.667315174
ME,Maine Public Service Company,2003,2136989.0772282607,1279449.4876086954,372058.34546195646,1165485.813369565,419201.248722826,5415168.831277173
ME,Maine Public Service Company,2004,1982355.7326892533,1399250.328057173,353706.6441768131,1132167.3949179458,401402.1276601376,4538976.798914769
ME,Maine Public Service Company,2005,2606839.7720174086,1787215.4638504863,491488.0737071172,1086325.469969278,1107430.1961341524,3388083.268535586
ME,Maine Public Service Company,2006,2549454.7418650794,1594036.3315228175,619675.1875744048,1065046.4507440475,528731.4849950396,3258772.9431299604
ME,Maine Public Service Company,2007,2673554.211303064,1652561.7054672954,588954.3904756393,988663.0078324699,278402.0739647538,3806138.179336555
ME,Maine Public Service Company,2008,2452677.067133296,1645163.0531855104,553171.4101057579,966397.7744852602,840680.2122822255,5939484.353956982
ME,Maine Public Service Company,2009,3201828.792679118,1692104.0175587425,501977.0490637978,1156685.4767009886,4859090.363433813,6807465.4744403055
ME,Maine Public Service Company,2010,3571481.866493011,1680039.0837674725,578924.2436346626,1250600.323471952,3622600.1280405032,5670770.416246285
ME,Maine Public Service Company,2011,2970160.914959166,1315424.6307887915,355741.2069049831,1261260.9672844636,2459136.488092327,7524562.47518216
ME,Maine Public Service Company,2012,2964320.817007413,1493856.7171180432,471278.63898882375,1097270.7865188115,1389196.679225067,4277779.564100107
ME,Maine Public Service Company,2013,3534852.1050236737,995347.5980331134,754921.6859119923,2574112.009405169,743186.9436419597,6005881.545435424
ME,Maine Yankee Atomic Power Company,1994,0.0,0.0,0.0,0.0,0.0,0.0
ME,Maine Yankee Atomic Power Company,1995,0.0,0.0,0.0,0.0,0.0,0.0
ME,Maine Yankee Atomic Power Company,1996,0.0,0.0,0.0,0.0,0.0,0.0
ME,Maine Yankee Atomic Power Company,1997,0.0,0.0,0.0,0.0,0.0,0.0
ME,Maine Yankee Atomic Power Company,2007,0.0,0.0,0.0,0.0,0.0,0.0
ME,Maine Yankee Atomic Power Company,2008,0.0,0.0,0.0,0.0,0.0,0.0
ME,Maine Yankee Atomic Power Company,2009,0.0,0.0,0.0,0.0,0.0,0.0
ME,Maine Yankee Atomic Power Company,2010,0.0,0.0,0.0,0.0,0.0,0.0
ME,Maine Yankee Atomic Power Company,2011,0.0,0.0,0.0,0.0,0.0,0.0
ME,Maine Yankee Atomic Power Company,2012,0.0,0.0,0.0,0.0,0.0,0.0
ME,Maine Yankee Atomic Power Company,2013,0.0,0.0,0.0,0.0,0.0,0.0
ME,Maine Yankee Atomic Power Company,2014,0.0,0.0,0.0,0.0,0.0,0.0
ME,Maine Yankee Atomic Power Company,2015,0.0,0.0,0.0,0.0,0.0,0.0
ME,Maine Yankee Atomic Power Company,2016,0.0,0.0,0.0,0.0,0.0,0.0
ME,Maine Yankee Atomic Power Company,2017,0.0,0.0,0.0,0.0,0.0,0.0
ME,Maine Yankee Atomic Power Company,2018,0.0,0.0,0.0,0.0,0.0,0.0
ME,Maine Yankee Atomic Power Company,2019,0.0,0.0,0.0,0.0,0.0,0.0
ME,Maine Yankee Atomic Power Company,2020,0.0,0.0,0.0,0.0,0.0,0.0
ME,Maine Yankee Atomic Power Company,2021,0.0,0.0,0.0,0.0,0.0,0.0
ME,Maine Yankee Atomic Power Company,2022,0.0,0.0,0.0,0.0,0.0,0.0
NY,Moreau Manufacturing,1995,0.0,0.0,0.0,0.0,0.0,0.0
NY,Moreau Manufacturing,1996,0.0,0.0,0.0,0.0,0.0,0.0
NY,Moreau Manufacturing,1997,0.0,0.0,0.0,0.0,0.0,0.0
NY,Moreau Manufacturing,1998,0.0,0.0,0.0,0.0,0.0,0.0
NY,National Grid Generation LLC,1994,111060384.49905533,39162436.48960864,9631007.486707153,107703232.75357625,19284779.66194332,156445859.02564102
NY,National Grid Generation LLC,1995,110819254.06338581,48786371.98582677,9502331.181627296,111314563.04934382,23205657.67746063,175414703.20577425
NY,National Grid Generation LLC,1996,102363847.48298278,50898960.49024856,9726445.814595282,102957230.20981516,33990223.78865519,143385416.3426386
NY,National Grid Generation LLC,1997,100067835.9506542,49757301.56336448,9508282.543987539,100647909.15838005,33227826.245732084,140169294.85457942
NY,National Grid Generation LLC,1998,34489890.8793865,20352596.817239262,3495981.22196319,44508864.782638036,25519284.389601223,74280600.4788957
NY,National Grid Generation LLC,1999,0.0,0.0,0.0,0.0,0.0,0.0
NY,National Grid Generation LLC,2000,0.0,0.0,0.0,0.0,0.0,0.0
NY,National Grid Generation LLC,2001,176.81583850931676,4549.289751552795,0.0,0.0,0.0,0.0
NY,National Grid Generation LLC,2002,0.0,0.0,0.0,0.0,0.0,0.0
NY,National Grid Generation LLC,2003,0.0,0.0,0.0,0.0,0.0,0.0
NY,National Grid Generation LLC,2004,0.0,0.0,0.0,0.0,0.0,0.0
NY,National Grid Generation LLC,2005,0.0,0.0,0.0,0.0,0.0,0.0
NY,National Grid Generation LLC,2006,0.0,0.0,0.0,0.0,0.0,0.0
NY,National Grid Generation LLC,2007,0.0,0.0,0.0,0.0,0.0,0.0
NY,National Grid Generation LLC,2008,0.0,-19971.76033311194,0.0,0.0,0.0,0.0
NY,National Grid Generation LLC,2009,0.0,0.0,0.0,0.0,0.0,0.0
NY,National Grid Generation LLC,2010,0.0,0.0,0.0,0.0,0.0,0.0
NY,National Grid Generation LLC,2011,0.0,0.0,0.0,0.0,0.0,0.0
NY,National Grid Generation LLC,2012,0.0,0.0,0.0,0.0,0.0,0.0
NY,National Grid Generation LLC,2013,0.0,0.0,0.0,166476.05624643175,0.0,0.0
NY,National Grid Generation LLC,2014,0.0,0.0,0.0,0.0,0.0,0.0
NY,National Grid Generation LLC,2015,0.0,0.0,0.0,0.0,0.0,0.0
NY,National Grid Generation LLC,2016,0.0,0.0,0.0,0.0,0.0,0.0
NY,National Grid Generation LLC,2017,429.8131527415143,0.0,0.0,0.0,0.0,0.0
NY,National Grid Generation LLC,2018,3499.8744160855726,0.0,0.0,0.0,0.0,0.0
NY,National Grid Generation LLC,2019,21676.367476736406,0.0,0.0,1918.5462553342954,0.0,0.0
NY,National Grid Generation LLC,2020,25212.717137215957,0.0,0.0,10443.766223228533,0.0,0.0
NY,National Grid Generation LLC,2021,25849.373620696013,0.0,0.0,114634.09860870204,0.0,0.0
NY,National Grid Generation LLC,2022,21278.0,1500.0,0.0,44172.0,0.0,0.0
NY,New York State Electric & Gas Corporation,1994,82954777.76518218,44094008.9437247,15165911.327665318,53510698.97327935,26744133.019703105,141325887.8188934
NY,New York State Electric & Gas Corporation,1995,95072763.59816273,42558473.87375328,14686545.519488188,50924758.28779527,25839648.692880575,109944507.50026245
NY,New York State Electric & Gas Corporation,1996,90579695.6808158,38612322.477884,13768779.840439769,46935229.232759714,14650225.364531547,103746887.63607392
NY,New York State Electric & Gas Corporation,1997,93136511.05445482,35559132.38629283,14472351.355856696,46306817.06056074,7141122.974984423,77523780.7152648
NY,New York State Electric & Gas Corporation,1999,84923337.57959183,49863366.951020405,13173891.174489796,38742083.46530612,6082040.177040816,55329480.77755102
NY,New York State Electric & Gas Corporation,2000,83288695.26655051,45539857.604297325,12490299.562688733,27901387.798722412,-4761821.455720092,51378501.60296167
NY,New York State Electric & Gas Corporation,2001,80065734.77391304,48237449.48571429,13502733.195962733,27791936.631677017,5084603.833850931,53085300.21677019
NY,New York State Electric & Gas Corporation,2002,94478801.0962757,48545780.58354641,11727671.669510838,26819673.65978321,7111296.886742634,60024435.22067814
NY,New York State Electric & Gas Corporation,2003,112211154.30608694,46960051.14445651,12252122.454239128,25248307.52184782,9569484.491576085,60404526.413478255
NY,New York State Electric & Gas Corporation,2004,82736112.38305981,59650946.840974055,13144739.532927474,33273922.25505558,18240989.394123875,93712506.10704075
NY,New York State Electric & Gas Corporation,2005,114516521.87465437,55190902.86082949,10457929.772427034,37943540.42375831,13141703.494034817,62410013.90414746
NY,New York State Electric & Gas Corporation,2006,128241583.58611111,58244958.770734124,12599750.040079365,32191957.09365079,26088335.123015873,72770291.6111111
NY,New York State Electric & Gas Corporation,2007,80025169.003868,56640868.35537421,11015833.598957278,30610201.043734502,23235686.582819685,65279874.80597273
NY,New York State Electric & Gas Corporation,2008,70077175.81157717,57740943.09610177,16644842.66693915,29584901.364124045,21252005.492770653,65012441.78306851
NY,New York State Electric & Gas Corporation,2009,90528070.34721282,60288646.06757808,18984773.768953606,34709793.96178747,17822202.098612357,64951662.75104061
NY,New York State Electric & Gas Corporation,2010,182841850.7935576,55743514.00410903,17880226.533803243,34809839.68760318,101882882.64537549,81424578.09801151
NY,New York State Electric & Gas Corporation,2011,127906348.40041076,66495019.20485108,20053953.623160053,36089203.0661646,88654890.82889138,111807280.26407158
NY,New York State Electric & Gas Corporation,2012,113821775.8054653,66178310.682247795,16161118.220576322,33962929.24884797,32574130.264510397,127589167.2235337
NY,New York State Electric & Gas Corporation,2013,109132273.97845954,52699442.3788081,18154065.883210205,36715761.11041952,38219669.901097625,117524123.47205707
NY,New York State Electric & Gas Corporation,2014,122061285.56467964,52168809.656832926,16248905.640016727,38573584.53010949,43285624.742160045,96518611.92247905
NY,New York State Electric & Gas Corporation,2015,100114603.8873161,56311969.88907968,19066817.06409245,38380735.76739221,33166360.734673038,67235165.24249315
NY,New York State Electric & Gas Corporation,2016,153451865.9965751,70955573.90867767,23981490.0697063,33340202.06768969,6724040.265492256,64746015.88262009
NY,New York State Electric & Gas Corporation,2017,214929595.2529373,60373312.89229764,20468762.539327674,29756711.961610634,168563587.36357698,114292274.49233027
NY,New York State Electric & Gas Corporation,2018,197156151.6701645,57872939.696702994,22991408.11319477,31502056.110622164,82910302.36815381,175979829.9424548
NY,New York State Electric & Gas Corporation,2019,220350815.95825657,55549038.81262785,21042042.969838493,32774250.9477151,188840703.838033,201545894.0783941
NY,New York State Electric & Gas Corporation,2020,244554251.29318303,47775417.925899595,22195723.850338664,25332705.110524666,122372851.87801136,248550527.4554791
NY,New York State Electric & Gas Corporation,2021,244970014.40956557,53942426.21448868,28133534.177399706,23086810.647230316,92808846.26091447,282976192.7041369
NY,New York State Electric & Gas Corporation,2022,211944832.0,59148380.0,25959332.0,22036958.0,88039352.0,324353024.0
NY,Niagara Mohawk Power Corporation,1994,164332409.69419703,66481997.95991903,27928939.480701756,64934970.7071525,69355554.10310392,324197063.63994604
NY,Niagara Mohawk Power Corporation,1995,176450548.28110236,63707679.04770341,24367113.96578084,60317585.80328084,89319004.99225721,331329273.7564304
NY,Niagara Mohawk Power Corporation,1996,148218249.01465902,68384889.69942638,22507473.062300827,61920541.774442315,57863138.53416188,261601353.70197576
NY,Niagara Mohawk Power Corporation,1997,158384608.84386292,65542977.33208722,26454130.25570093,60845286.565669775,32710098.58168224,184212395.40411213
NY,Niagara Mohawk Power Corporation,1998,276167614.4706748,65181845.21226993,38695181.64073619,58504951.909570545,22395671.6442638,117746216.61742331
NY,Niagara Mohawk Power Corporation,1999,157422307.51836735,63101814.3755102,25866060.97653061,60381563.31428571,61480301.906122446,291662853.877551
NY,Niagara Mohawk Power Corporation,2000,124015836.29732868,68414289.05423926,35642166.932926826,65981187.33495934,42823903.63786294,196140344.93914053
NY,Niagara Mohawk Power Corporation,2001,149475324.28074533,65700574.88944099,30939916.24596273,124009401.65714285,104818445.09937888,242515659.8658385
NY,Niagara Mohawk Power Corporation,2002,173883985.89883265,69274298.35264035,26785649.872540295,39010075.34285714,51384290.068816,228968196.49360752
NY,Niagara Mohawk Power Corporation,2003,163155544.223913,79384793.6797826,32165940.08434782,42529149.470380425,22154715.137499996,271949531.5086956
NY,Niagara Mohawk Power Corporation,2004,134859662.77226043,115119415.29168871,29479576.59025939,45153952.19846479,42237791.528427735,191980676.08025408
NY,Niagara Mohawk Power Corporation,2005,124190230.65192011,114528605.6940092,23280940.51285202,42858630.94935995,76219373.89185867,324821216.0409626
NY,Niagara Mohawk Power Corporation,2006,148419727.7575397,120508581.67638889,36706639.517013885,47123534.55922619,95960297.03769842,294986600.96626985
NY,Niagara Mohawk Power Corporation,2007,175043727.4041921,130780072.91778798,45228048.84596463,50053588.81538713,75219530.62457195,269491784.84590673
NY,Niagara Mohawk Power Corporation,2008,191690600.39442086,131529226.20344351,47758172.940274864,50454111.83875747,144053478.640985,283892610.01583815
NY,Niagara Mohawk Power Corporation,2009,166107473.2934645,156095460.32786882,48468569.023525074,54877571.24542619,100984427.50089727,259447242.61232325
NY,Niagara Mohawk Power Corporation,2010,169556310.17555124,150159254.45170048,47922666.93546612,77661244.38181017,227987038.50056863,334453267.5797043
NY,Niagara Mohawk Power Corporation,2011,198176948.74076968,127759788.66448236,44478402.67103525,51193499.987285435,167284589.8752995,272499877.38080096
NY,Niagara Mohawk Power Corporation,2012,156254147.94341314,124083272.64684618,47954426.834673375,67397653.40461859,179892571.20447397,287962852.95504236
NY,Niagara Mohawk Power Corporation,2013,216388838.41120893,131874794.94086891,47268029.29330306,100134132.39885472,194210389.08536768,235280183.0384148
NY,Niagara Mohawk Power Corporation,2014,188967092.1921465,129617475.07856853,61859297.907035686,85933425.35719113,202888122.47972426,400690345.6988375
NY,Niagara Mohawk Power Corporation,2015,153611508.69076902,115647952.95493571,57936654.15324639,70035403.5383116,301546441.1305518,427430529.23562443
NY,Niagara Mohawk Power Corporation,2016,167243415.92803544,124243436.9345894,45620862.200019166,42919779.22985579,274005567.53261364,304531617.79114777
NY,Niagara Mohawk Power Corporation,2017,206506613.75848562,138849266.91808093,52461503.40469973,45134063.103867486,163698790.17558745,282303972.21638376
NY,Niagara Mohawk Power Corporation,2018,256315875.0308036,120301865.09782681,58898716.40918015,35550297.79635773,274977172.7845102,329617822.86913544
NY,Niagara Mohawk Power Corporation,2019,265687446.790348,124514311.32838137,55812319.22106572,45332596.84819895,235532753.25799802,390932399.14228827
NY,Niagara Mohawk Power Corporation,2020,347506193.9265332,130137622.44989586,67150277.80550285,50436719.33148127,289808334.18239564,419971475.7873506
NY,Niagara Mohawk Power Corporation,2021,333503723.7704542,137280404.99745357,61480766.26704062,45750812.20341734,179093221.625715,407708339.2895154
NY,Niagara Mohawk Power Corporation,2022,411004608.0,138612768.0,60312300.0,51762784.0,270903136.0,414082528.0
NY,Pike County Light and Power Company,2004,372283.8072525145,468610.5265749073,0.0,8431.06675489677,0.0,3070118.269957649
NY,Pike County Light and Power Company,2005,399621.67621607776,569472.4644393241,0.0,6861.583435739886,0.0,1441909.5366615462
NY,Pike County Light and Power Company,2006,246193.1154265873,257298.32748015874,0.0,4237.400520833333,0.0,1257786.4788194443
NY,Pike County Light and Power Company,2007,214217.32861648867,370347.4203489886,0.0,8854.090415834708,0.0,822590.589798497
NY,Pike County Light and Power Company,2008,264130.7101619578,355649.02850865986,0.0,12198.092780871608,0.0,1284695.4110253921
NY,Pike County Light and Power Company,2009,1097854.9151428423,472072.72994868015,136.41236709751695,21263.959783160943,0.0,825695.8732992443
NY,Pike County Light and Power Company,2010,283409.20857486146,400889.4098534321,2321.849203874234,15036.993341160069,0.0,668769.0709496642
NY,Pike County Light and Power Company,2011,599778.8838084991,430207.6248227297,0.0,25465.287544623206,0.0,1874854.3109687513
NY,Pike County Light and Power Company,2012,757531.0062327413,657606.3417598021,0.0,13234.826977185814,0.0,535789.3385280103
NY,Pike County Light and Power Company,2013,978939.5615499855,844137.6362161257,1213.5489811424425,7827.7678069343265,0.0,957264.0189820438
NY,Pike County Light and Power Company,2014,888339.2597661531,690173.8385585631,192.84848945660988,108778.91013618546,0.0,1515644.4907618612
NY,Pike County Light and Power Company,2015,929992.1165359446,538933.0658560357,0.0,54767.010488699125,0.0,1137819.0613542488
WV,Kanawha Valley Power Company,1994,0.0,0.0,9759.1161268556,645.7367408906882,0.0,0.0
WV,Wheeling Power Company,1994,5340347.507860999,2759870.931646424,1425591.2256072874,539806.2944331984,1758143.6724358974,7642515.498211876
WV,Wheeling Power Company,1995,5389086.280019685,2826067.942716535,1132749.5980643043,538337.3362532808,691769.9773293963,7145143.020374015
WV,Wheeling Power Company,1996,5010298.365583174,2733565.5709369024,646416.886265137,1127076.1442001273,541296.1055768004,6459074.912332695
WV,Wheeling Power Company,1997,4073595.317788162,2750244.0523052956,634036.6016510903,1318829.2442990653,1075260.0548909656,5718183.309906541
WV,Wheeling Power Company,1998,5202895.998036809,2891431.4,458333.638588957,871278.8207361962,1915170.2285889569,3646797.2955828216
WV,Wheeling Power Company,1999,4209431.1229591835,3922416.670408163,1092737.9346938776,666756.2729591837,452571.8102040816,6867994.515306122
WV,Wheeling Power Company,2000,3578665.896602787,2917595.300842044,599177.9721254355,866423.6521196283,1100447.381242741,7015666.039227642
WV,Wheeling Power Company,2001,4230100.808385093,3102633.7878881986,575505.8096273292,657346.7555900621,5948.944099378882,5143086.911801242
WV,Wheeling Power Company,2002,3436719.7306837128,2459967.8072262364,695537.9607837687,577532.437159533,101342.57106725957,4512731.966175652
WV,Wheeling Power Company,2003,3784165.9344021734,2383582.7250543474,455449.115298913,487477.3421195652,500642.0455706521,5076225.035271739
WV,Wheeling Power Company,2004,5205464.865034409,2601103.386818422,562848.8449444149,577991.3011116992,765516.6929062995,9902030.726654314
WV,Wheeling Power Company,2005,4468751.9406298,2984318.2688428056,885436.4686635943,428984.5780337941,479581.07611367124,9760786.002304146
WV,Wheeling Power Company,2006,4234248.963268849,2239700.618625992,576176.1445436508,361694.5790922619,747544.8089781746,13483948.47544643
WV,Wheeling Power Company,2007,4579358.71101851,2217017.3796432945,812251.6431547877,316148.7565712687,1537657.5459627088,11363997.097886583
WV,Wheeling Power Company,2008,5468675.216624942,2373127.1248658863,514131.80427118985,423937.4153170183,753280.4833188575,12169852.578552086
WV,Wheeling Power Company,2009,4772939.132993376,1844119.2312048734,471937.6817052536,318764.3270624647,5935113.8433463685,10232692.708344014
WV,Wheeling Power Company,2010,9048767.085932054,3462455.6121134018,839289.4343884139,540130.5723988332,289966.7549390982,6216528.453218439
WV,Wheeling Power Company,2011,5217480.021761455,1303923.4229057655,815729.6743117021,424658.6823316543,22644951.980047923,8736991.447503544
WV,Wheeling Power Company,2012,3889073.600790961,2905334.507347753,1051515.4798470342,685077.8809115221,53680641.7709522,12653695.322830735
WV,Wheeling Power Company,2013,4798298.551985988,2324466.391308267,787247.816743004,631144.7148830041,30245690.798387684,23097319.46908657
WV,Wheeling Power Company,2014,3248522.9152304674,1166407.0022303325,871127.5320821506,30142.466143721274,5918732.769245066,13451213.044805184
WV,Wheeling Power Company,2015,5743384.47185223,2157386.818582633,748108.3496542441,11477294.763308117,15996639.328908896,10652285.406321066
WV,Wheeling Power Company,2016,7444882.159353686,2012526.078135221,960818.0915348302,23495479.8925448,4790957.947580695,14435634.315769956
WV,Wheeling Power Company,2017,8736468.105254568,2039087.3232498365,770103.3893195168,37963337.454226494,3690760.1734252605,12963627.929748692
WV,Wheeling Power Company,2018,9697185.841175275,1911849.8131473833,846895.0192945636,34257838.34540654,5185364.053212375,33634513.39245819
WV,Wheeling Power Company,2019,10095267.910814099,2012200.1594714792,1033162.3422789127,46313436.45047857,6940350.236410503,17329924.97434062
WV,Wheeling Power Company,2020,10827259.147872385,1956139.124341701,913346.7069212669,49102929.61883382,11082872.474643659,19715720.617786724
WV,Wheeling Power Company,2021,13308743.441506436,1587163.852622061,1042858.169446802,64700617.12337158,5742197.395744915,10225244.952946818
WV,Wheeling Power Company,2022,15362145.0,1813385.0,678988.0,74371976.0,2478586.0,25728004.0
